"Term","coefficient","Dataset","Repeat","Fold"
"lad_max",0.755482542541751,"SF_bio",1,1
"Ny_mean",1.81462362818005,"SF_bio",1,1
"Linearity_mean",0.924940257453103,"SF_bio",1,1
"Percent.Below.20th.Quantile",1.08484752290764,"SF_bio",1,1
"Total_PAD_RelZ0.55_1.00",1.27169068533222,"SF_bio",1,1
"Verticality_mean",-2.74368153224726,"SF_bio",1,1
"lad_max",1.52951533349302,"SF_bio",1,2
"Ny_mean",2.35847173528491,"SF_bio",1,2
"Percent.Below.30th.Quantile",2.69997456729543,"SF_bio",1,2
"Linearity_mean",1.4928142894173,"SF_bio",1,2
"Verticality_mean",-3.68237499503044,"SF_bio",1,2
"lad_max",0.8976382238759,"SF_bio",1,3
"Percent.Below.40th.Quantile",0.972335809896969,"SF_bio",1,3
"Ny_mean",2.44568180284624,"SF_bio",1,4
"Percent.Below.30th.Quantile",2.30998430410736,"SF_bio",1,4
"Linearity_mean",1.8828079737087,"SF_bio",1,4
"Verticality_mean",-3.00127980590999,"SF_bio",1,4
"Ny_mean",1.90764858590656,"SF_bio",1,5
"Percent.Below.30th.Quantile",1.22918316043997,"SF_bio",1,5
"lad_mean",1.34117444310078,"SF_bio",1,5
"Nz_mean",1.72194668066801,"SF_bio",1,5
"lad_max",2.43708378344844,"SF_bio",2,1
"lad_max",0.981984522387143,"SF_bio",2,2
"Percent.Below.30th.Quantile",1.36347546483989,"SF_bio",2,2
"Linearity_mean",1.22883533739105,"SF_bio",2,2
"Ny_mean",1.542535706406,"SF_bio",2,3
"Linearity_mean",0.902280096626546,"SF_bio",2,3
"Percent.Below.20th.Quantile",1.37262493084089,"SF_bio",2,3
"Total_PAD_RelZ0.55_1.00",0.900107625215953,"SF_bio",2,3
"Verticality_mean",-2.70215678363488,"SF_bio",2,3
"Total_PAD_RelZ0.30_0.50",0.907562958907901,"SF_bio",2,3
"lad_max",0.944083883171831,"SF_bio",2,4
"Ny_mean",2.46619074634771,"SF_bio",2,4
"Percent.Below.30th.Quantile",2.31570956852268,"SF_bio",2,4
"Linearity_mean",1.46713714869697,"SF_bio",2,4
"Verticality_mean",-3.31457195067014,"SF_bio",2,4
"Ny_mean",2.70237974830744,"SF_bio",2,5
"Percent.Below.30th.Quantile",2.53552300554986,"SF_bio",2,5
"Linearity_mean",1.80147480549302,"SF_bio",2,5
"Verticality_mean",-3.4823451333968,"SF_bio",2,5
"Ny_mean",2.00018857377374,"SF_bio",3,1
"Percent.Below.30th.Quantile",1.49280216277752,"SF_bio",3,1
"Nz_mean",1.2720298685641,"SF_bio",3,1
"lad_max",2.01269874896059,"SF_bio",3,2
"lad_max",1.94160660220093,"SF_bio",3,3
"Ny_mean",2.94865086388159,"SF_bio",3,3
"Percent.Below.30th.Quantile",2.02962315280695,"SF_bio",3,3
"Linearity_mean",1.59268021967861,"SF_bio",3,3
"Verticality_mean",-4.08635965710195,"SF_bio",3,3
"lad_max",1.17958760168423,"SF_bio",3,4
"Ny_mean",2.79548789758217,"SF_bio",3,4
"Percent.Below.30th.Quantile",2.02736359466592,"SF_bio",3,4
"Verticality_mean",-3.03438278300116,"SF_bio",3,4
"eSum_mean",-2.2464832160224,"SF_bio",3,5
"PCA1_sd",-1.64189857462015,"SF_bio",3,5
"Total_PAD_RelZ0.30_0.50",1.13380724018735,"SF_bio",3,5
"lad_max",0.700025431796722,"SF_bio",4,1
"Ny_mean",1.531266590448,"SF_bio",4,1
"Linearity_mean",1.31119652083182,"SF_bio",4,1
"Nz_mean",2.77127093875824,"SF_bio",4,1
"Percent.Below.20th.Quantile",1.26389906231206,"SF_bio",4,1
"Total_PAD_RelZ0.55_1.00",0.913949655932036,"SF_bio",4,1
"Total_PAD_RelZ0.30_0.50",0.916739705004376,"SF_bio",4,1
"Percent.Below.40th.Quantile",1.27300122880917,"SF_bio",4,2
"Ny_mean",2.71582515005342,"SF_bio",4,3
"Percent.Below.30th.Quantile",2.32429994651999,"SF_bio",4,3
"Linearity_mean",1.53826615362622,"SF_bio",4,3
"Verticality_mean",-3.27249416355245,"SF_bio",4,3
"lad_max",2.20129414034077,"SF_bio",4,4
"Percent.Below.30th.Quantile",1.05159833306122,"SF_bio",4,4
"Linearity_mean",0.521052806703131,"SF_bio",4,4
"lad_max",1.58882357121613,"SF_bio",4,5
"Ny_mean",1.68703962012441,"SF_bio",4,5
"Percent.Below.30th.Quantile",1.37665335695223,"SF_bio",4,5
"Nz_mean",1.6840831388392,"SF_bio",4,5
"lad_max",6.4416528183714,"SF_bio",5,1
"Ny_mean",2.59756274211068,"SF_bio",5,1
"Percent.Below.30th.Quantile",1.35911734558,"SF_bio",5,1
"Linearity_mean",1.84522783067952,"SF_bio",5,1
"Mean_PropOcc_RelZ0_0.25",-1.39472913137887,"SF_bio",5,1
"Verticality_mean",-3.8809711591361,"SF_bio",5,1
"Linearity_mean",0.938938430733314,"SF_bio",5,2
"Total_PAD_RelZ0.30_0.50",0.890055970341473,"SF_bio",5,2
"Ny_mean",2.64441364215418,"SF_bio",5,3
"Percent.Below.30th.Quantile",2.41082260449012,"SF_bio",5,3
"Linearity_mean",1.54345812354669,"SF_bio",5,3
"Verticality_mean",-3.09195493753737,"SF_bio",5,3
"Ny_mean",2.22646167719274,"SF_bio",5,4
"Percent.Below.30th.Quantile",2.98899877521738,"SF_bio",5,4
"Linearity_mean",1.92592485416457,"SF_bio",5,4
"Verticality_mean",-3.52119383508137,"SF_bio",5,4
"lad_max",0.833129967161325,"SF_bio",5,5
"Percent.Below.40th.Quantile",0.882141336553554,"SF_bio",5,5
"lad_max",1.08839826855297,"SF_bio",6,1
"Ny_mean",2.50998045064345,"SF_bio",6,1
"Percent.Below.30th.Quantile",2.24437487499252,"SF_bio",6,1
"Linearity_mean",1.40554975974421,"SF_bio",6,1
"Verticality_mean",-3.66913493719859,"SF_bio",6,1
"lad_max",1.41555696227251,"SF_bio",6,2
"Ny_mean",2.27832495152715,"SF_bio",6,2
"Percent.Below.30th.Quantile",2.48336436171565,"SF_bio",6,2
"Linearity_mean",1.57568420978387,"SF_bio",6,2
"Verticality_mean",-3.50848999731149,"SF_bio",6,2
"lad_max",1.28851298062376,"SF_bio",6,3
"lad_max",0.63894902770114,"SF_bio",6,4
"Ny_mean",0.815952391822031,"SF_bio",6,4
"eSum_mean",-2.50423088695729,"SF_bio",6,4
"Total_PAD_RelZ0.55_1.00",0.365666847620306,"SF_bio",6,4
"PCA1_sd",-2.172107408613,"SF_bio",6,4
"Total_PAD_RelZ0.30_0.50",0.628554789645265,"SF_bio",6,4
"lad_max",1.03698581674554,"SF_bio",6,5
"Ny_mean",2.41725445246853,"SF_bio",6,5
"Percent.Below.30th.Quantile",2.36617744110214,"SF_bio",6,5
"Linearity_mean",1.56659589039968,"SF_bio",6,5
"Verticality_mean",-3.57832464159122,"SF_bio",6,5
"lad_max",1.00268825278687,"SF_bio",7,1
"Percent.Below.30th.Quantile",1.283289578712,"SF_bio",7,1
"Linearity_mean",0.953633394993774,"SF_bio",7,1
"lad_max",0.701189130271892,"SF_bio",7,2
"Ny_mean",1.63401776929086,"SF_bio",7,2
"Percent.Below.30th.Quantile",1.1380019705039,"SF_bio",7,2
"Linearity_mean",1.22324379306786,"SF_bio",7,2
"Verticality_mean",-2.1032829406786,"SF_bio",7,2
"lad_max",2.0406783937838,"SF_bio",7,3
"Ny_mean",2.7936665343098,"SF_bio",7,4
"Percent.Below.30th.Quantile",2.55273140148919,"SF_bio",7,4
"Linearity_mean",1.60292053011329,"SF_bio",7,4
"Verticality_mean",-3.47026073370421,"SF_bio",7,4
"lad_max",1.31132314986873,"SF_bio",7,5
"Ny_mean",2.34937856852987,"SF_bio",7,5
"Percent.Below.30th.Quantile",2.13048680464447,"SF_bio",7,5
"Linearity_mean",1.54120291292197,"SF_bio",7,5
"Verticality_mean",-3.2360735445645,"SF_bio",7,5
"lad_max",1.28062993430143,"SF_bio",8,1
"Ny_mean",3.17628501824521,"SF_bio",8,1
"Percent.Below.30th.Quantile",1.85240818077584,"SF_bio",8,1
"Linearity_mean",1.55839830977551,"SF_bio",8,1
"Verticality_mean",-3.6937492351422,"SF_bio",8,1
"Ny_mean",1.57064018037429,"SF_bio",8,2
"Linearity_mean",0.942435628413013,"SF_bio",8,2
"Percent.Below.20th.Quantile",1.26763131779095,"SF_bio",8,2
"Total_PAD_RelZ0.55_1.00",0.892625809499428,"SF_bio",8,2
"Verticality_mean",-2.6241630499907,"SF_bio",8,2
"Total_PAD_RelZ0.30_0.50",0.854275893435551,"SF_bio",8,2
"lad_max",2.33328468000691,"SF_bio",8,3
"Percent.Below.30th.Quantile",2.19569252404094,"SF_bio",8,3
"eSum_mean",-3.70357174372556,"SF_bio",8,3
"eLargest_mean",3.41941527577038,"SF_bio",8,3
"Ny_mean",2.51244950203026,"SF_bio",8,4
"Percent.Below.30th.Quantile",2.41212174070561,"SF_bio",8,4
"Linearity_mean",1.51161745428055,"SF_bio",8,4
"Verticality_mean",-3.0772838209709,"SF_bio",8,4
"Ny_mean",1.50346201340858,"SF_bio",8,5
"Percent.Below.30th.Quantile",1.14133159708672,"SF_bio",8,5
"Nz_mean",0.992934301110594,"SF_bio",8,5
"lad_max",1.08219470334478,"SF_bio",9,1
"Ny_mean",2.35014636325237,"SF_bio",9,1
"Percent.Below.30th.Quantile",2.18674046756468,"SF_bio",9,1
"Linearity_mean",1.29517115774155,"SF_bio",9,1
"Verticality_mean",-3.28286743541775,"SF_bio",9,1
"Ny_mean",2.10767643574537,"SF_bio",9,2
"Percent.Below.30th.Quantile",1.72593439491895,"SF_bio",9,2
"Nz_mean",1.58710724169532,"SF_bio",9,2
"Ny_mean",2.75009373869831,"SF_bio",9,3
"Percent.Below.30th.Quantile",2.5212328944349,"SF_bio",9,3
"Linearity_mean",1.77483860071357,"SF_bio",9,3
"Verticality_mean",-3.27111472112498,"SF_bio",9,3
"lad_max",1.63037351927292,"SF_bio",9,4
"Ny_mean",2.46358250672943,"SF_bio",9,4
"Verticality_mean",-1.67914534199381,"SF_bio",9,4
"lad_max",1.13170826152876,"SF_bio",9,5
"Percent.Below.10th.Quantile",-0.857756270207933,"SF_bio",9,5
"Linearity_mean",1.0187869562475,"SF_bio",9,5
"Nz_mean",1.66193324767053,"SF_bio",9,5
"Total_PAD_RelZ0.30_0.50",1.01696697820328,"SF_bio",9,5
"lad_max",2.02953919813853,"SF_bio",10,1
"Ny_mean",1.25325770109134,"SF_bio",10,2
"Linearity_mean",0.94069530832487,"SF_bio",10,2
"Percent.Below.20th.Quantile",1.36237584810837,"SF_bio",10,2
"Total_PAD_RelZ0.55_1.00",0.759214682873227,"SF_bio",10,2
"Verticality_mean",-2.41037340729904,"SF_bio",10,2
"Total_PAD_RelZ0.30_0.50",1.03469564993933,"SF_bio",10,2
"lad_max",1.2045967976521,"SF_bio",10,3
"Percent.Below.30th.Quantile",3.12188538757543,"SF_bio",10,3
"eSum_mean",-5.33224941137989,"SF_bio",10,3
"eLargest_mean",4.53186520854906,"SF_bio",10,3
"lad_max",1.74446178530538,"SF_bio",10,4
"Ny_mean",2.94300600224975,"SF_bio",10,4
"Percent.Below.30th.Quantile",2.22329073400334,"SF_bio",10,4
"Linearity_mean",1.92286532494982,"SF_bio",10,4
"Verticality_mean",-4.11126307332226,"SF_bio",10,4
"lad_max",1.07593277827092,"SF_bio",10,5
"Ny_mean",2.36946876536729,"SF_bio",10,5
"Percent.Below.30th.Quantile",2.24868192614613,"SF_bio",10,5
"Linearity_mean",1.35540430586772,"SF_bio",10,5
"Verticality_mean",-3.36567124511463,"SF_bio",10,5
"Sphericity_mean",0.0141264613087053,"Herb",1,1
"imean",0.0146798286400067,"Herb",1,1
"eSum_mean",0.000735260899118727,"Herb",1,1
"Sphericity_mean",0.0256036504840437,"Herb",1,2
"imean",0.0121568141785761,"Herb",1,2
"Eigentropy_mean",-0.0035203509283632,"Herb",1,2
"SD_PropOcc_RelZ1.05_2.00",-0.011578981674133,"Herb",1,2
"ChangeCurvature_mean",0.0145331686167855,"Herb",1,3
"imean",0.0131095174019822,"Herb",1,3
"eSum_mean",0.0154352029494213,"Herb",1,3
"SD_PropOcc_RelZ1.05_2.00",-0.00985453415932751,"Herb",1,3
"MomentOrder1_sd",0.0156014242142742,"Herb",1,3
"ChangeCurvature_mean",0.0203622654459451,"Herb",1,4
"imean",0.0202700750852542,"Herb",1,4
"eSmallest_sd",-0.00153894600955872,"Herb",1,4
"MomentOrder1_sd",-0.00267828419513696,"Herb",1,4
"ChangeCurvature_mean",0.0203434876568076,"Herb",1,5
"imean",0.0172581403355145,"Herb",1,5
"eSum_mean",-0.00377362466684766,"Herb",1,5
"SD_PropOcc_RelZ1.05_2.00",-0.010143378256982,"Herb",1,5
"ChangeCurvature_mean",0.00614963761757557,"Herb",2,1
"imean",0.0200614878950775,"Herb",2,1
"eSmallest_sd",0.00376546579921392,"Herb",2,1
"Percent.Below.20th.Quantile",0.010569972520942,"Herb",2,1
"MomentOrder1_sd",0.00295682970582926,"Herb",2,1
"ChangeCurvature_mean",0.0201598438538874,"Herb",2,2
"imean",0.01308769340729,"Herb",2,2
"eSum_mean",0.000329488852274151,"Herb",2,2
"SD_PropOcc_RelZ1.05_2.00",-0.0104765026399646,"Herb",2,2
"Curvature_mean",0.0241355749092777,"Herb",2,3
"SD_PropOcc_RelZ1.05_2.00",-0.0121432499472593,"Herb",2,3
"MomentOrder1_sd",-0.00114052512937136,"Herb",2,3
"ChangeCurvature_mean",0.0177297814628126,"Herb",2,4
"imean",0.0158596221554924,"Herb",2,4
"Eigentropy_mean",-0.000856837564511067,"Herb",2,4
"SD_PropOcc_RelZ1.05_2.00",-0.00883118343749713,"Herb",2,4
"Curvature_mean",0.017308024023173,"Herb",2,5
"imean",0.0161790229831336,"Herb",2,5
"eSum_mean",0.00214837564391986,"Herb",2,5
"Curvature_mean",0.0155558348151273,"Herb",3,1
"imean",0.0177832578175677,"Herb",3,1
"MomentOrder1_sd",0.00473039593227445,"Herb",3,1
"ChangeCurvature_mean",0.0197387451313389,"Herb",3,2
"imean",0.00967452430295938,"Herb",3,2
"eSum_mean",0.00347090841012693,"Herb",3,2
"SD_PropOcc_RelZ1.05_2.00",-0.0115595436348661,"Herb",3,2
"Sphericity_mean",0.0192087232661725,"Herb",3,3
"imean",0.0169992252793732,"Herb",3,3
"Eigentropy_mean",-0.000390832810246951,"Herb",3,3
"Curvature_mean",0.020499338464636,"Herb",3,4
"imean",0.0182930502619846,"Herb",3,4
"Eigentropy_mean",-0.00270623128807459,"Herb",3,4
"SD_PropOcc_RelZ1.05_2.00",-0.0105622728144757,"Herb",3,4
"Sphericity_mean",0.0175263326289085,"Herb",3,5
"imean",0.012317052710113,"Herb",3,5
"eSum_mean",0.00501736553407811,"Herb",3,5
"ChangeCurvature_mean",0.0180918701079714,"Herb",4,1
"imean",0.0148920225855887,"Herb",4,1
"eSum_mean",-0.000860134253261737,"Herb",4,1
"SD_PropOcc_RelZ1.05_2.00",-0.0112218093462901,"Herb",4,1
"Curvature_mean",0.0183029883505651,"Herb",4,2
"imean",0.0158001522759185,"Herb",4,2
"eSum_mean",0.00469977074098227,"Herb",4,2
"ChangeCurvature_mean",0.00898723874050361,"Herb",4,3
"imean",0.0184418940318396,"Herb",4,3
"eSmallest_sd",0.00389264297974353,"Herb",4,3
"Percent.Below.20th.Quantile",0.00805105012903846,"Herb",4,3
"MomentOrder1_sd",-0.00180925483732016,"Herb",4,3
"ChangeCurvature_mean",0.0154158802470821,"Herb",4,4
"imean",0.0124152005704081,"Herb",4,4
"MomentOrder1_sd",0.00119186724752796,"Herb",4,4
"ChangeCurvature_mean",0.0191036134187129,"Herb",4,5
"imean",0.0164587568848662,"Herb",4,5
"Eigentropy_mean",0.000904855053015172,"Herb",4,5
"ChangeCurvature_mean",0.0150361914138764,"Herb",5,1
"imean",0.0200873035810693,"Herb",5,1
"Percent.Below.20th.Quantile",0.00884322725801621,"Herb",5,1
"Curvature_sd",-0.00214046135771978,"Herb",5,1
"MomentOrder1_sd",0.00399985858869539,"Herb",5,1
"Sphericity_mean",0.0185209136611218,"Herb",5,2
"imean",0.0137032670071674,"Herb",5,2
"Eigentropy_mean",0.00310559305102075,"Herb",5,2
"Curvature_mean",0.0182196735026386,"Herb",5,3
"imean",0.015240548049919,"Herb",5,3
"Eigentropy_mean",-0.00163221878127079,"Herb",5,3
"SD_PropOcc_RelZ1.05_2.00",-0.00899593218799963,"Herb",5,3
"ChangeCurvature_mean",0.0136163902900919,"Herb",5,4
"imean",0.0191699874177257,"Herb",5,4
"eSmallest_sd",0.00280962864713277,"Herb",5,4
"MomentOrder1_sd",0.00067900595481244,"Herb",5,4
"Curvature_mean",0.0180632807129345,"Herb",5,5
"imean",0.0111126090571467,"Herb",5,5
"eSum_mean",0.0049566544176668,"Herb",5,5
"Sphericity_mean",0.0196734252090349,"Herb",6,1
"imean",0.0143687602138935,"Herb",6,1
"eSum_mean",0.00282340904517797,"Herb",6,1
"Curvature_mean",0.0168244661683397,"Herb",6,2
"imean",0.0107988095193319,"Herb",6,2
"eSum_mean",0.00497780037936225,"Herb",6,2
"Curvature_mean",0.0178424261958749,"Herb",6,3
"imean",0.0170683002169163,"Herb",6,3
"SD_PropOcc_RelZ1.05_2.00",-0.0103626079533414,"Herb",6,3
"MomentOrder1_sd",0.00721880114195634,"Herb",6,3
"Curvature_mean",0.0103359840528451,"Herb",6,4
"imean",0.0149334027246421,"Herb",6,4
"eSmallest_sd",0.00371232157965433,"Herb",6,4
"Percent.Below.20th.Quantile",0.00754084899579705,"Herb",6,4
"MomentOrder1_sd",-0.00175422410141091,"Herb",6,4
"Sphericity_mean",0.0179138344222674,"Herb",6,5
"imean",0.0195280115830695,"Herb",6,5
"Eigentropy_mean",0.00196842208711034,"Herb",6,5
"Curvature_mean",0.0151518041566199,"Herb",7,1
"imean",0.0138103369075229,"Herb",7,1
"MomentOrder1_sd",0.00318720579291134,"Herb",7,1
"Sphericity_mean",0.0218281417739493,"Herb",7,2
"imean",0.0165143003349517,"Herb",7,2
"Eigentropy_mean",-0.000838666645118818,"Herb",7,2
"Sphericity_mean",0.0165600002422983,"Herb",7,3
"imean",0.0174035847576183,"Herb",7,3
"Eigentropy_mean",0.00266348971709355,"Herb",7,3
"Curvature_mean",0.0205418250500529,"Herb",7,4
"imean",0.0165273316526242,"Herb",7,4
"SD_PropOcc_RelZ1.05_2.00",-0.0126968244967622,"Herb",7,4
"MomentOrder1_sd",0.00430198101019618,"Herb",7,4
"Curvature_mean",0.0161882270691695,"Herb",7,5
"imean",0.0145278110913998,"Herb",7,5
"eSmallest_sd",0.0044325759543171,"Herb",7,5
"SD_PropOcc_RelZ1.05_2.00",-0.0109403346377755,"Herb",7,5
"MomentOrder1_sd",0.00353004486544882,"Herb",7,5
"ChangeCurvature_mean",0.0138235873588585,"Herb",8,1
"imean",0.0183722674912567,"Herb",8,1
"Percent.Below.20th.Quantile",0.0102323940144385,"Herb",8,1
"MomentOrder1_sd",-0.00133373805309519,"Herb",8,1
"ChangeCurvature_mean",0.00869620967767289,"Herb",8,2
"imean",0.0144624145643174,"Herb",8,2
"eSmallest_sd",0.00407627597142609,"Herb",8,2
"Percent.Below.20th.Quantile",0.00780894141289098,"Herb",8,2
"MomentOrder1_sd",-0.00187908551362373,"Herb",8,2
"ChangeCurvature_mean",0.0205076529814419,"Herb",8,3
"imean",0.0129201421568617,"Herb",8,3
"eSum_mean",0.000102367344619561,"Herb",8,3
"SD_PropOcc_RelZ1.05_2.00",-0.00926886979129218,"Herb",8,3
"Curvature_mean",0.0197040670939733,"Herb",8,4
"imean",0.0152583081377049,"Herb",8,4
"eSum_mean",-0.0045696063442777,"Herb",8,4
"SD_PropOcc_RelZ1.05_2.00",-0.0111855284716426,"Herb",8,4
"Sphericity_mean",0.0176139631566905,"Herb",8,5
"imean",0.0148649252338917,"Herb",8,5
"eMedium_mean",0.00431852207952269,"Herb",8,5
"Curvature_mean",0.0146015750931379,"Herb",9,1
"imean",0.0148278027728657,"Herb",9,1
"eSmallest_sd",0.00283172210077574,"Herb",9,1
"MomentOrder1_sd",-0.000868804827348734,"Herb",9,1
"ChangeCurvature_mean",0.0183274193126658,"Herb",9,2
"imean",0.0162999120097361,"Herb",9,2
"eSum_mean",0.008025656888101,"Herb",9,2
"SD_PropOcc_RelZ1.05_2.00",-0.00976984897813445,"Herb",9,2
"MomentOrder1_sd",0.011506627900373,"Herb",9,2
"ChangeCurvature_mean",0.0160346790069149,"Herb",9,3
"imean",0.0176382455627133,"Herb",9,3
"MomentOrder1_sd",4.82231355245879e-05,"Herb",9,3
"Curvature_mean",0.0100187522248539,"Herb",9,4
"imean",0.0183277837638707,"Herb",9,4
"Percent.Below.20th.Quantile",0.013526215687725,"Herb",9,4
"MomentOrder1_sd",0.000323910471491538,"Herb",9,4
"Sphericity_mean",0.0194172009124557,"Herb",9,5
"imean",0.0137989729698752,"Herb",9,5
"Eigentropy_mean",0.00200727153358397,"Herb",9,5
"ChangeCurvature_mean",0.016240871490622,"Herb",10,1
"imean",0.0168296985935014,"Herb",10,1
"Eigentropy_mean",0.00602675688603639,"Herb",10,1
"Sphericity_mean",0.0166137898453927,"Herb",10,2
"imean",0.0169801494470335,"Herb",10,2
"Eigentropy_mean",-0.000273583144942114,"Herb",10,2
"ChangeCurvature_mean",0.0197240133958642,"Herb",10,3
"imean",0.0143134231053435,"Herb",10,3
"SD_PropOcc_RelZ1.05_2.00",-0.0110673647407211,"Herb",10,3
"MomentOrder1_sd",0.00932212562772584,"Herb",10,3
"eSmallest_mean",0.0198637173433311,"Herb",10,4
"imean",0.0120525359654168,"Herb",10,4
"Planarity_sd",-0.00229525997634403,"Herb",10,4
"iskew",-0.00658681269261588,"Herb",10,4
"MomentOrder1_sd",0.00466160119162925,"Herb",10,4
"ChangeCurvature_mean",0.0214909264552446,"Herb",10,5
"imean",0.0141206968513745,"Herb",10,5
"eSum_mean",-0.000596455670362872,"Herb",10,5
"SD_PropOcc_RelZ1.05_2.00",-0.0122337331819885,"Herb",10,5
"zq50",0.420073310649985,"Shrub",1,1
"Total_PAD_RelZ0.55_1.00",0.609144088852745,"Shrub",1,1
"zq80",0.409693421675147,"Shrub",1,1
"PC_Strata_0.00.0.25",0.653087007226515,"Shrub",1,1
"zq70",0.339287375240969,"Shrub",1,2
"Total_PAD_RelZ0.55_1.00",0.270630989819815,"Shrub",1,2
"zq60",0.0524490048963003,"Shrub",1,3
"Percent.Below.90th.Quantile",0.448161941881885,"Shrub",1,3
"PC_Strata_0.00.0.25",0.311721365517729,"Shrub",1,3
"Percent.Below.80th.Quantile",-0.268788680176721,"Shrub",1,3
"zq40",1.0090527499725,"Shrub",1,3
"zq70",0.259370120667398,"Shrub",1,4
"mean_vox_ht",0.13271643276063,"Shrub",1,4
"Total_PAD_RelZ0.55_1.00",0.453983368764479,"Shrub",1,4
"zq45",0.073751661179242,"Shrub",1,4
"zq65",0.650487461263871,"Shrub",1,5
"zq45",0.188963289032546,"Shrub",1,5
"vn",0.400896791933382,"Shrub",1,5
"zq40",-0.774532674524068,"Shrub",1,5
"zq65",0.674593099493657,"Shrub",2,1
"zq50",0.221766587726991,"Shrub",2,1
"Total_PAD_RelZ0.55_1.00",1.04000141156883,"Shrub",2,1
"PC_Strata_0.00.0.25",0.587613882788298,"Shrub",2,1
"Alpha_Vol_m3",-0.48181104658561,"Shrub",2,1
"zq65",0.17632851150088,"Shrub",2,2
"Total_PAD_RelZ0.55_1.00",0.460896011322028,"Shrub",2,2
"zq85",-0.362507469592683,"Shrub",2,2
"PC_Strata_1.00.2.00",0.835575521619098,"Shrub",2,2
"zq60",0.377721498154061,"Shrub",2,3
"Percent.Below.90th.Quantile",0.519607268982531,"Shrub",2,3
"zpcum6",0.436042035646041,"Shrub",2,3
"zq65",0.652544489928981,"Shrub",2,4
"Total_PAD_RelZ0.55_1.00",0.530659117565798,"Shrub",2,4
"zq45",0.242460566409752,"Shrub",2,4
"zq40",-0.766049638837189,"Shrub",2,4
"zq65",-0.044423224687509,"Shrub",2,5
"zq50",0.591204879990825,"Shrub",2,5
"Mean_PAD_RelZ0.55_1.00",0.328336882832898,"Shrub",2,5
"Alpha_Vol_m3",-0.27402943773134,"Shrub",2,5
"Mean_PAD_RelZ0.55_1.00",0.377828868434414,"Shrub",3,1
"PC_Strata_1.00.2.00",0.420543477913988,"Shrub",3,1
"n",0.203989488656896,"Shrub",3,1
"zq45",0.241723747190797,"Shrub",3,2
"zq60",0.353559618753379,"Shrub",3,2
"Percent.Below.90th.Quantile",0.324720312857543,"Shrub",3,2
"PC_Strata_0.00.0.25",0.180181802233905,"Shrub",3,2
"Total_PAD_RelZ0.55_1.00",0.744122325979626,"Shrub",3,3
"zq60",0.658992711743196,"Shrub",3,3
"Percent.Below.90th.Quantile",0.737320574321428,"Shrub",3,3
"zq40",-0.713272400300123,"Shrub",3,3
"zpcum6",0.537432246140167,"Shrub",3,3
"Total_PAD_RelZ0.55_1.00",0.473482929348984,"Shrub",3,4
"zq60",0.00542188064089721,"Shrub",3,4
"Percent.Below.90th.Quantile",0.138776164860673,"Shrub",3,4
"zq50",0.862648344515841,"Shrub",3,5
"Mean_PAD_RelZ0.55_1.00",0.395456879060888,"Shrub",3,5
"Alpha_Vol_m3",-0.44645221621176,"Shrub",3,5
"Percent.Below.80th.Quantile",-0.217404737591412,"Shrub",3,5
"zq65",0.907937181900916,"Shrub",4,1
"Total_PAD_RelZ0.55_1.00",0.427413302928323,"Shrub",4,1
"zq80",0.178376783482922,"Shrub",4,1
"PC_Strata_0.00.0.25",0.620896104656396,"Shrub",4,1
"zq50",0.64810883694076,"Shrub",4,2
"Mean_PAD_RelZ0.55_1.00",0.237892745403869,"Shrub",4,2
"itot",-0.121707473374954,"Shrub",4,2
"Percent.Below.80th.Quantile",-0.230772256947183,"Shrub",4,2
"zq55",0.63525187314662,"Shrub",4,3
"Total_PAD_RelZ0.55_1.00",0.761412855588094,"Shrub",4,3
"Percent.Below.90th.Quantile",0.351308228538457,"Shrub",4,3
"PC_Strata_0.00.0.25",0.745332852143964,"Shrub",4,3
"horizontalRumpel",1.21020779293954,"Shrub",4,4
"zq85",-0.45971567036927,"Shrub",4,4
"zq60",-0.524266458828694,"Shrub",4,4
"Percent.Below.90th.Quantile",0.273575088625842,"Shrub",4,4
"Total_PAD_RelZ0.55_1.00",0.559849184811951,"Shrub",4,5
"zq60",0.291733514422036,"Shrub",4,5
"Percent.Below.90th.Quantile",0.339332517162901,"Shrub",4,5
"zq40",-0.324408972785347,"Shrub",4,5
"zq65",0.553424612242723,"Shrub",5,1
"Percent.Below.90th.Quantile",0.588955388528773,"Shrub",5,1
"zq40",-0.00303186314423824,"Shrub",5,1
"zpcum6",0.447195706832953,"Shrub",5,1
"zq65",0.786817451194705,"Shrub",5,2
"zq50",0.00727207632648283,"Shrub",5,2
"Mean_PAD_RelZ0.55_1.00",0.474955616325929,"Shrub",5,2
"PC_Strata_0.00.0.25",0.43402975670107,"Shrub",5,2
"zq75",0.534929266516092,"Shrub",5,3
"Total_PAD_RelZ0.55_1.00",0.524571984258695,"Shrub",5,3
"zq40",-0.43807711046303,"Shrub",5,3
"zq50",0.625297194082762,"Shrub",5,4
"Total_PAD_RelZ0.55_1.00",0.701565704580179,"Shrub",5,4
"Alpha_Vol_m3",-0.657566628182381,"Shrub",5,4
"Mean_PAD_RelZ0.55_1.00",0.454085222838105,"Shrub",5,5
"PC_Strata_1.00.2.00",0.419899785293288,"Shrub",5,5
"n",0.49791690680763,"Shrub",5,5
"Alpha_Vol_m3",-0.400427294568717,"Shrub",5,5
"zq65",0.443137728718443,"Shrub",6,1
"zq50",0.371352126457476,"Shrub",6,1
"Total_PAD_RelZ0.55_1.00",0.644216576093761,"Shrub",6,1
"zq40",-0.728536586474561,"Shrub",6,1
"Total_PAD_RelZ0.55_1.00",0.54164813583598,"Shrub",6,2
"zq45",0.472656130123553,"Shrub",6,2
"zq60",0.314189009059557,"Shrub",6,2
"zq40",-0.524760771053283,"Shrub",6,2
"zq70",0.255759897100063,"Shrub",6,3
"zsd",-0.00129873723338255,"Shrub",6,3
"Percent.Below.80th.Quantile",-0.383868301308188,"Shrub",6,3
"zq40",0.391833158999907,"Shrub",6,3
"zq65",1.15277270387783,"Shrub",6,4
"Total_PAD_RelZ0.55_1.00",0.349342813312967,"Shrub",6,4
"Percent.Below.90th.Quantile",0.84758284755946,"Shrub",6,4
"zq40",-0.686169785533422,"Shrub",6,4
"zpcum6",0.729772349072427,"Shrub",6,4
"mean_vox_ht",0.298680706250089,"Shrub",6,5
"Total_PAD_RelZ0.55_1.00",0.400249117039843,"Shrub",6,5
"zq45",0.122194537805645,"Shrub",6,5
"zq60",-0.284932564186424,"Shrub",7,1
"PC_Strata_1.00.2.00",0.590564113992032,"Shrub",7,1
"zq40",0.552475803271307,"Shrub",7,1
"zq65",0.313500801277401,"Shrub",7,2
"zq50",0.238961635465289,"Shrub",7,2
"Percent.Below.90th.Quantile",0.227707084188395,"Shrub",7,2
"Alpha_Vol_m3",0.561490947853422,"Shrub",7,2
"zq40",-0.81231171269915,"Shrub",7,2
"zq70",0.256440755398749,"Shrub",7,3
"mean_vox_ht",0.123153782145614,"Shrub",7,3
"Total_PAD_RelZ0.55_1.00",0.422214627568211,"Shrub",7,3
"zq45",0.0230326858815998,"Shrub",7,3
"zq65",0.448187197839984,"Shrub",7,4
"Percent.Below.90th.Quantile",0.540851418424324,"Shrub",7,4
"zq40",0.150440997698327,"Shrub",7,4
"zpcum6",0.365979201115222,"Shrub",7,4
"Total_PAD_RelZ0.55_1.00",0.258878007982194,"Shrub",7,5
"zq45",0.331253884927062,"Shrub",7,5
"zsd",0.0475535918807193,"Shrub",7,5
"zq45",0.370651254428315,"Shrub",8,1
"Percent.Below.90th.Quantile",0.637916209841308,"Shrub",8,1
"PC_Strata_0.00.0.25",0.0178705071723759,"Shrub",8,1
"zq60",0.389068677500553,"Shrub",8,2
"zq80",0.325383983473424,"Shrub",8,2
"zq40",-0.155399938874042,"Shrub",8,2
"Mean_PAD_RelZ0.55_1.00",0.169235639728892,"Shrub",8,3
"vn",0.238258051218706,"Shrub",8,3
"zq65",0.507582630705051,"Shrub",8,4
"zq50",0.414064549291663,"Shrub",8,4
"Mean_PAD_RelZ0.55_1.00",0.523201850250429,"Shrub",8,4
"PC_Strata_0.00.0.25",0.558402020474016,"Shrub",8,4
"zq85",0.570686545023239,"Shrub",8,5
"zq60",-0.115437757168024,"Shrub",8,5
"Percent.Below.90th.Quantile",0.200678221074741,"Shrub",8,5
"zq75",0.945915996301297,"Shrub",9,1
"Total_PAD_RelZ0.55_1.00",0.548632358491972,"Shrub",9,1
"Percent.Below.90th.Quantile",0.803607884208765,"Shrub",9,1
"zq40",-0.679919959313625,"Shrub",9,1
"zpcum6",0.631020713716894,"Shrub",9,1
"Total_PAD_RelZ0.55_1.00",0.37158372730988,"Shrub",9,2
"zq45",-0.620079810237463,"Shrub",9,2
"zq60",0.308230313086934,"Shrub",9,2
"Alpha_Vol_m3",0.476316457807135,"Shrub",9,2
"Total_PAD_RelZ0.55_1.00",0.72724751158844,"Shrub",9,3
"zq60",0.665889044852289,"Shrub",9,3
"vn",-0.186299249281932,"Shrub",9,3
"zq40",-0.396148301443203,"Shrub",9,3
"zq50",0.559552958049226,"Shrub",9,4
"Mean_PAD_RelZ0.55_1.00",0.447769081290044,"Shrub",9,4
"zq60",0.303894058230237,"Shrub",9,4
"PC_Strata_0.00.0.25",0.475101378863446,"Shrub",9,4
"zq50",0.587143553383681,"Shrub",9,5
"zsd",0.0704837486630556,"Shrub",9,5
"Percent.Below.80th.Quantile",-0.225930947939015,"Shrub",9,5
"zq55",0.660073815755028,"Shrub",10,1
"Percent.Below.90th.Quantile",0.659660280350239,"Shrub",10,1
"zpcum6",0.486378609127901,"Shrub",10,1
"mean_vox_ht",0.00517708504446948,"Shrub",10,2
"Total_PAD_RelZ0.55_1.00",0.324724090852842,"Shrub",10,2
"itot",0.106872717235673,"Shrub",10,2
"zq65",0.550247377708868,"Shrub",10,3
"zq50",0.205165874184114,"Shrub",10,3
"Total_PAD_RelZ0.55_1.00",0.478663373476506,"Shrub",10,3
"PC_Strata_0.00.0.25",0.41803216633513,"Shrub",10,3
"zq45",0.438384497477498,"Shrub",10,4
"Mean_PAD_RelZ0.55_1.00",0.750460428704735,"Shrub",10,4
"zq60",0.384015221013648,"Shrub",10,4
"zq40",-0.764607466327638,"Shrub",10,4
"zq70",0.396443223098031,"Shrub",10,5
"Total_PAD_RelZ0.55_1.00",0.338762714488536,"Shrub",10,5
"zq45",-0.0219016302301423,"Shrub",10,5
"zsd",0.0848391389633687,"Shrub",10,5
"Percent.Below.30th.Quantile",1.05172942214189,"Large_diam_woody",1,1
"Linearity_mean",1.98516747433269,"Large_diam_woody",1,1
"Eigentropy_sd",-1.42200530493447,"Large_diam_woody",1,1
"lad_max",1.66856589159408,"Large_diam_woody",1,2
"Percent.Below.30th.Quantile",3.02052333336851,"Large_diam_woody",1,2
"Ny_mean",2.03375749357075,"Large_diam_woody",1,2
"Linearity_mean",1.46945063898764,"Large_diam_woody",1,2
"Verticality_mean",-3.80136562598407,"Large_diam_woody",1,2
"lad_max",1.17661252801021,"Large_diam_woody",1,3
"Percent.Below.30th.Quantile",2.45138049847904,"Large_diam_woody",1,4
"lad_mean",0.772312235683276,"Large_diam_woody",1,4
"Linearity_mean",1.77307369747119,"Large_diam_woody",1,4
"Verticality_mean",-1.73280425291919,"Large_diam_woody",1,4
"Percent.Below.30th.Quantile",2.35504680549144,"Large_diam_woody",1,5
"lad_mean",1.09638862577002,"Large_diam_woody",1,5
"Ny_mean",2.08973151929922,"Large_diam_woody",1,5
"Linearity_mean",1.40787311232762,"Large_diam_woody",1,5
"Verticality_mean",-3.39662212882007,"Large_diam_woody",1,5
"lad_max",2.2946270247083,"Large_diam_woody",2,1
"lad_max",1.25107972536158,"Large_diam_woody",2,2
"Percent.Below.30th.Quantile",2.9020231329931,"Large_diam_woody",2,2
"eSum_mean",-4.45366809321416,"Large_diam_woody",2,2
"eLargest_mean",4.23946127489397,"Large_diam_woody",2,2
"Percent.Below.30th.Quantile",0.996175670103901,"Large_diam_woody",2,3
"Linearity_mean",1.58786781504711,"Large_diam_woody",2,3
"Eigentropy_sd",-1.16636699568032,"Large_diam_woody",2,3
"lad_max",1.02653310232967,"Large_diam_woody",2,4
"Percent.Below.30th.Quantile",2.53507149348388,"Large_diam_woody",2,4
"Ny_mean",2.0770429131035,"Large_diam_woody",2,4
"Linearity_mean",1.38317680548042,"Large_diam_woody",2,4
"Verticality_mean",-3.42245699866945,"Large_diam_woody",2,4
"Percent.Below.30th.Quantile",2.81154547342791,"Large_diam_woody",2,5
"Ny_mean",2.42718783277185,"Large_diam_woody",2,5
"Linearity_mean",1.67436414344589,"Large_diam_woody",2,5
"Verticality_mean",-3.48228926567221,"Large_diam_woody",2,5
"lad_max",1.12703050578711,"Large_diam_woody",3,1
"Percent.Below.30th.Quantile",2.62059279143049,"Large_diam_woody",3,1
"Ny_mean",1.91211226522473,"Large_diam_woody",3,1
"Linearity_mean",1.65394549795702,"Large_diam_woody",3,1
"Verticality_mean",-3.51867846115455,"Large_diam_woody",3,1
"lad_max",1.87528999014047,"Large_diam_woody",3,2
"lad_max",1.96141592725161,"Large_diam_woody",3,3
"Percent.Below.30th.Quantile",2.29239542013299,"Large_diam_woody",3,3
"Ny_mean",2.46878650435558,"Large_diam_woody",3,3
"Linearity_mean",1.43894059392769,"Large_diam_woody",3,3
"Verticality_mean",-3.97712597190483,"Large_diam_woody",3,3
"lad_max",1.22897395530949,"Large_diam_woody",3,4
"Percent.Below.30th.Quantile",2.25891079378115,"Large_diam_woody",3,4
"Ny_mean",2.37388908637772,"Large_diam_woody",3,4
"Verticality_mean",-3.18445705789646,"Large_diam_woody",3,4
"Percent.Below.30th.Quantile",1.11172706104518,"Large_diam_woody",3,5
"Linearity_mean",1.7922482159816,"Large_diam_woody",3,5
"Eigentropy_sd",-1.26436246692086,"Large_diam_woody",3,5
"lad_max",0.731604660663292,"Large_diam_woody",4,1
"Percent.Below.30th.Quantile",1.26957542820251,"Large_diam_woody",4,1
"Ny_mean",1.43205420021545,"Large_diam_woody",4,1
"Linearity_mean",2.09061075709081,"Large_diam_woody",4,1
"ipcumzq10",1.55112114061351,"Large_diam_woody",4,1
"Eigentropy_sd",-1.60929790156168,"Large_diam_woody",4,1
"lad_max",1.1470627872974,"Large_diam_woody",4,2
"lad_max",1.04286517446855,"Large_diam_woody",4,3
"Percent.Below.30th.Quantile",2.40389315599538,"Large_diam_woody",4,3
"Ny_mean",1.96689233580598,"Large_diam_woody",4,3
"Linearity_mean",1.29099133338841,"Large_diam_woody",4,3
"Verticality_mean",-3.33556721976942,"Large_diam_woody",4,3
"lad_max",2.68602166376374,"Large_diam_woody",4,4
"lad_max",1.67016830060577,"Large_diam_woody",4,5
"Percent.Below.30th.Quantile",1.692126676282,"Large_diam_woody",4,5
"Ny_mean",1.26853681078503,"Large_diam_woody",4,5
"Nz_mean",1.78386799015529,"Large_diam_woody",4,5
"lad_max",6.81863098704813,"Large_diam_woody",5,1
"Percent.Below.30th.Quantile",1.48210502893277,"Large_diam_woody",5,1
"Ny_mean",2.27450330761241,"Large_diam_woody",5,1
"Mean_PropOcc_RelZ0_0.25",-1.78119690210987,"Large_diam_woody",5,1
"eLargest_sd",1.98986944487837,"Large_diam_woody",5,1
"Verticality_mean",-4.00652758900025,"Large_diam_woody",5,1
"Percent.Below.30th.Quantile",1.16192797732365,"Large_diam_woody",5,2
"Linearity_mean",1.58853356500377,"Large_diam_woody",5,2
"eSum_sd",-1.19662666509309,"Large_diam_woody",5,2
"lad_max",1.07406670114503,"Large_diam_woody",5,3
"Percent.Below.30th.Quantile",2.41006376850851,"Large_diam_woody",5,3
"Ny_mean",2.0605881880951,"Large_diam_woody",5,3
"Linearity_mean",1.32501141260417,"Large_diam_woody",5,3
"Verticality_mean",-3.33843491977778,"Large_diam_woody",5,3
"Percent.Below.30th.Quantile",3.26996030216167,"Large_diam_woody",5,4
"Ny_mean",2.19898407559629,"Large_diam_woody",5,4
"Linearity_mean",1.81004292838549,"Large_diam_woody",5,4
"PCA1_mean",1.08519692699264,"Large_diam_woody",5,4
"Verticality_mean",-3.80879690984775,"Large_diam_woody",5,4
"Percent.Below.30th.Quantile",1.27224544788427,"Large_diam_woody",5,5
"lad_max",1.10891621059322,"Large_diam_woody",6,1
"Percent.Below.30th.Quantile",2.45871179827766,"Large_diam_woody",6,1
"Ny_mean",2.18978604195624,"Large_diam_woody",6,1
"Linearity_mean",1.30132709330018,"Large_diam_woody",6,1
"Verticality_mean",-3.68220717290478,"Large_diam_woody",6,1
"lad_max",1.49898584196273,"Large_diam_woody",6,2
"Percent.Below.30th.Quantile",2.81472693302522,"Large_diam_woody",6,2
"eSum_mean",-4.31613039736709,"Large_diam_woody",6,2
"eLargest_mean",3.88242895004091,"Large_diam_woody",6,2
"lad_max",1.30453712898726,"Large_diam_woody",6,3
"Percent.Below.30th.Quantile",0.922654310519063,"Large_diam_woody",6,4
"Ny_mean",0.868558345200608,"Large_diam_woody",6,4
"eSum_mean",-3.31370378951831,"Large_diam_woody",6,4
"eLargest_sd",-2.95662160383926,"Large_diam_woody",6,4
"lad_max",1.09212551163049,"Large_diam_woody",6,5
"Percent.Below.30th.Quantile",2.60827423952489,"Large_diam_woody",6,5
"Ny_mean",1.99494108205637,"Large_diam_woody",6,5
"Linearity_mean",1.38779490260431,"Large_diam_woody",6,5
"Verticality_mean",-3.5242113323834,"Large_diam_woody",6,5
"lad_max",1.25335117139085,"Large_diam_woody",7,1
"Percent.Below.30th.Quantile",2.17642493855734,"Large_diam_woody",7,1
"Ny_mean",2.42600945413848,"Large_diam_woody",7,1
"Verticality_mean",-3.1764071805277,"Large_diam_woody",7,1
"lad_max",0.696201287124207,"Large_diam_woody",7,2
"Percent.Below.30th.Quantile",1.31998203131255,"Large_diam_woody",7,2
"Ny_mean",1.26325139874971,"Large_diam_woody",7,2
"Linearity_mean",1.16850384947202,"Large_diam_woody",7,2
"Verticality_mean",-2.04534127351746,"Large_diam_woody",7,2
"lad_max",1.89500801106088,"Large_diam_woody",7,3
"lad_max",1.04596899322753,"Large_diam_woody",7,4
"Percent.Below.30th.Quantile",2.64405863560132,"Large_diam_woody",7,4
"Ny_mean",2.17148804655268,"Large_diam_woody",7,4
"Linearity_mean",1.38638212297362,"Large_diam_woody",7,4
"Verticality_mean",-3.69980030417935,"Large_diam_woody",7,4
"lad_max",1.46248642778444,"Large_diam_woody",7,5
"Percent.Below.30th.Quantile",2.4016555638786,"Large_diam_woody",7,5
"Ny_mean",1.97210883750656,"Large_diam_woody",7,5
"Linearity_mean",1.4014724595124,"Large_diam_woody",7,5
"Verticality_mean",-3.29590753316241,"Large_diam_woody",7,5
"lad_max",1.28185254167416,"Large_diam_woody",8,1
"Percent.Below.30th.Quantile",2.21247799216571,"Large_diam_woody",8,1
"Ny_mean",2.66415536229488,"Large_diam_woody",8,1
"Linearity_mean",1.41879877878734,"Large_diam_woody",8,1
"Verticality_mean",-3.67815848108353,"Large_diam_woody",8,1
"lad_max",0.549601709193977,"Large_diam_woody",8,2
"Percent.Below.30th.Quantile",1.14883861816261,"Large_diam_woody",8,2
"eSum_mean",-1.48936590970721,"Large_diam_woody",8,2
"eSum_sd",-1.30472914551129,"Large_diam_woody",8,2
"lad_max",2.35694191126401,"Large_diam_woody",8,3
"Percent.Below.30th.Quantile",2.29199952417625,"Large_diam_woody",8,3
"eLargest_mean",3.12316406169468,"Large_diam_woody",8,3
"Eigentropy_mean",-3.39156968372886,"Large_diam_woody",8,3
"lad_max",1.0964472358627,"Large_diam_woody",8,4
"Percent.Below.30th.Quantile",2.47850210520901,"Large_diam_woody",8,4
"Ny_mean",1.92179862206904,"Large_diam_woody",8,4
"Linearity_mean",1.29245324395885,"Large_diam_woody",8,4
"Verticality_mean",-3.29980310408914,"Large_diam_woody",8,4
"Percent.Below.30th.Quantile",1.25012930027652,"Large_diam_woody",8,5
"lad_max",1.10841635952102,"Large_diam_woody",9,1
"Percent.Below.30th.Quantile",2.17893772488207,"Large_diam_woody",9,1
"Ny_mean",0.940443987165397,"Large_diam_woody",9,1
"eSum_mean",-3.88558431284306,"Large_diam_woody",9,1
"eLargest_mean",4.03567715796115,"Large_diam_woody",9,1
"Percent.Below.30th.Quantile",1.96408969439703,"Large_diam_woody",9,2
"Ny_mean",1.80937894900273,"Large_diam_woody",9,2
"Nz_mean",1.69457098131928,"Large_diam_woody",9,2
"Percent.Below.30th.Quantile",2.81198093278115,"Large_diam_woody",9,3
"Ny_mean",2.21155552973872,"Large_diam_woody",9,3
"Linearity_mean",1.62406339761564,"Large_diam_woody",9,3
"Verticality_mean",-3.22945027534056,"Large_diam_woody",9,3
"lad_max",1.55101335086008,"Large_diam_woody",9,4
"lad_max",1.03657094077821,"Large_diam_woody",9,5
"Percent.Below.30th.Quantile",0.89657048839486,"Large_diam_woody",9,5
"Linearity_mean",1.41503809141031,"Large_diam_woody",9,5
"eSum_sd",-1.25346023244731,"Large_diam_woody",9,5
"lad_max",1.93355355621472,"Large_diam_woody",10,1
"PCA1_mean",0.980957430201083,"Large_diam_woody",10,1
"Percent.Below.30th.Quantile",1.03671632681347,"Large_diam_woody",10,2
"Linearity_mean",1.94891993588058,"Large_diam_woody",10,2
"Eigentropy_sd",-1.37582676464958,"Large_diam_woody",10,2
"lad_max",1.15967681162817,"Large_diam_woody",10,3
"Percent.Below.30th.Quantile",3.24621712641181,"Large_diam_woody",10,3
"eSum_mean",-5.23599774286553,"Large_diam_woody",10,3
"eLargest_mean",4.62502126233503,"Large_diam_woody",10,3
"lad_max",1.74571341956621,"Large_diam_woody",10,4
"Percent.Below.30th.Quantile",2.47041939663168,"Large_diam_woody",10,4
"Ny_mean",2.43011671809523,"Large_diam_woody",10,4
"Linearity_mean",1.71850501218063,"Large_diam_woody",10,4
"Verticality_mean",-3.89748338346579,"Large_diam_woody",10,4
"lad_max",1.13055550697052,"Large_diam_woody",10,5
"Percent.Below.30th.Quantile",2.52690129107039,"Large_diam_woody",10,5
"Ny_mean",1.93474030488086,"Large_diam_woody",10,5
"Linearity_mean",1.22342493600311,"Large_diam_woody",10,5
"Verticality_mean",-3.36905568749853,"Large_diam_woody",10,5
"Anisotropy_sd",-0.187756528794741,"Litter_1h",1,1
"PC_Strata_1.00.2.00",0.104606509761974,"Litter_1h",1,1
"Omnivariance_sd",-0.134367787069647,"Litter_1h",1,2
"Total_PAD_FullROI",0.109147792893799,"Litter_1h",1,2
"Eigentropy_sd",-0.113265559689352,"Litter_1h",1,3
"PC_Strata_1.00.2.00",0.177957802177746,"Litter_1h",1,3
"eSmallest_mean",-0.119476802034677,"Litter_1h",1,4
"Eigentropy_sd",-0.0903498142882592,"Litter_1h",1,4
"Omnivariance_sd",-0.147679265314597,"Litter_1h",1,5
"PC_Strata_1.00.2.00",0.106106111005609,"Litter_1h",1,5
"Omnivariance_sd",-0.189496665119947,"Litter_1h",2,1
"PC_Strata_1.00.2.00",0.10834686378401,"Litter_1h",2,1
"Omnivariance_sd",-0.141128808405676,"Litter_1h",2,2
"PC_Strata_1.00.2.00",0.163944118889461,"Litter_1h",2,2
"NormalChangeRate_sd",0.103555497860629,"Litter_1h",2,3
"Curvature_mean",-0.092859396256065,"Litter_1h",2,4
"eSmallest_mean",-0.277909099565022,"Litter_1h",2,5
"Eigentropy_sd",-0.375317547297243,"Litter_1h",2,5
"Planarity_mean",-0.347536243263872,"Litter_1h",2,5
"Eigentropy_sd",-0.159982776361866,"Litter_1h",3,1
"PC_Strata_1.00.2.00",0.149821026523105,"Litter_1h",3,1
"Omnivariance_sd",-0.156436002713744,"Litter_1h",3,2
"PC_Strata_1.00.2.00",0.116951716541539,"Litter_1h",3,2
"Eigentropy_sd",-0.203414098962211,"Litter_1h",3,3
"PC_Strata_1.00.2.00",0.127907902516705,"Litter_1h",3,3
"Omnivariance_mean",-0.13471497008687,"Litter_1h",3,3
"Total_PAD_FullROI",0.110035395437374,"Litter_1h",3,4
"Sphericity_mean",-0.0954494837040697,"Litter_1h",3,5
"Eigentropy_sd",-0.104221253441884,"Litter_1h",3,5
"Percent.Below.20th.Quantile",-0.123970058086158,"Litter_1h",4,1
"Anisotropy_sd",-0.123690381623865,"Litter_1h",4,2
"PC_Strata_1.00.2.00",0.117375489134321,"Litter_1h",4,2
"Eigentropy_sd",-0.181844901518161,"Litter_1h",4,3
"PC_Strata_1.00.2.00",0.148951424547737,"Litter_1h",4,3
"Omnivariance_sd",-0.129794646710408,"Litter_1h",4,4
"Percent.Below.20th.Quantile",-0.156637558230694,"Litter_1h",4,5
"Anisotropy_sd",-0.120111153099879,"Litter_1h",5,1
"Percent.Below.30th.Quantile",-0.123444671955958,"Litter_1h",5,1
"Planarity_sd",0.13947010142798,"Litter_1h",5,2
"PC_Strata_1.00.2.00",0.126115072583548,"Litter_1h",5,2
"Anisotropy_sd",-0.10058851541349,"Litter_1h",5,3
"Percent.Below.20th.Quantile",-0.0812946960112321,"Litter_1h",5,4
"Eigentropy_sd",-0.0793489772629488,"Litter_1h",5,4
"ChangeCurvature_mean",-0.128890241912901,"Litter_1h",5,5
"Omnivariance_sd",-0.16396020842215,"Litter_1h",6,1
"PC_Strata_1.00.2.00",0.143385796899182,"Litter_1h",6,1
"Omnivariance_sd",-0.33018416577772,"Litter_1h",6,2
"PC_Strata_1.00.2.00",0.0988665123368,"Litter_1h",6,2
"Curvature_sd",0.198246519570776,"Litter_1h",6,2
"Omnivariance_sd",-0.162586585639901,"Litter_1h",6,3
"Planarity_sd",0.265260800398247,"Litter_1h",6,4
"Eigentropy_sd",-0.221475052257716,"Litter_1h",6,4
"NormalChangeRate_mean",-0.325202804339898,"Litter_1h",6,4
"PC_Strata_1.00.2.00",0.113662912486284,"Litter_1h",6,4
"Anisotropy_mean",0.0848184531567862,"Litter_1h",6,5
"Eigentropy_sd",-0.127270610097529,"Litter_1h",6,5
"PC_Strata_1.00.2.00",0.121781035774153,"Litter_1h",6,5
"Percent.Below.20th.Quantile",-0.161551094871641,"Litter_1h",7,1
"Eigentropy_sd",-0.169920376089325,"Litter_1h",7,2
"PC_Strata_1.00.2.00",0.115788924319868,"Litter_1h",7,2
"Omnivariance_sd",-0.494171023176258,"Litter_1h",7,3
"Anisotropy_sd",-0.294977676736477,"Litter_1h",7,3
"ChangeCurvature_sd",0.418914245285573,"Litter_1h",7,3
"eSum_sd",0.340385776887525,"Litter_1h",7,3
"Anisotropy_sd",-0.142277553471716,"Litter_1h",7,4
"PC_Strata_1.00.2.00",0.104736515966182,"Litter_1h",7,4
"Anisotropy_mean",0.142356134139496,"Litter_1h",7,5
"Omnivariance_sd",-0.13364357014728,"Litter_1h",8,1
"Omnivariance_sd",-0.12494995970942,"Litter_1h",8,2
"PC_Strata_1.00.2.00",0.122613302920503,"Litter_1h",8,2
"Omnivariance_sd",-0.125748736137845,"Litter_1h",8,3
"Anisotropy_sd",-0.188437095027141,"Litter_1h",8,4
"PC_Strata_1.00.2.00",0.126962164031743,"Litter_1h",8,4
"Percent.Below.20th.Quantile",-0.140180572596047,"Litter_1h",8,5
"PC_Strata_1.00.2.00",0.190843581347221,"Litter_1h",9,1
"vzrumple",0.151365670220178,"Litter_1h",9,1
"Anisotropy_mean",0.166730565326584,"Litter_1h",9,2
"Omnivariance_sd",-0.126219299957134,"Litter_1h",9,3
"Sphericity_mean",-0.0526998878579184,"Litter_1h",9,4
"Eigentropy_sd",-0.121883266046413,"Litter_1h",9,4
"Omnivariance_sd",-0.167203132342454,"Litter_1h",9,5
"PC_Strata_1.00.2.00",0.108649643672369,"Litter_1h",9,5
"Eigentropy_sd",-0.110779482421595,"Litter_1h",10,1
"PC_Strata_1.00.2.00",0.119746577608982,"Litter_1h",10,1
"Anisotropy_mean",0.122153721843653,"Litter_1h",10,2
"Percent.Below.20th.Quantile",-0.152449420884724,"Litter_1h",10,3
"Omnivariance_sd",-0.55732650886205,"Litter_1h",10,4
"Curvature_sd",0.318330873592681,"Litter_1h",10,4
"eSum_sd",0.150601548224777,"Litter_1h",10,4
"Omnivariance_sd",-0.152010469407013,"Litter_1h",10,5
"PC_Strata_1.00.2.00",0.129947510173425,"Litter_1h",10,5
