"Predictor","Importance","Dataset","Repeat","Fold"
"Percent.Below.30th.Quantile",90.8765889300022,"SF_bio",1,1
"Ny_mean",82.6790222435413,"SF_bio",1,1
"lad_sum",75.9867862524681,"SF_bio",1,1
"lad_mean",63.7873074622963,"SF_bio",1,1
"Anisotropy_sd",55.1761430258386,"SF_bio",1,1
"zq65",43.0610630088552,"SF_bio",1,1
"PC_Strata_0.00.0.25",39.2495657814662,"SF_bio",1,1
"zq60",38.697549110375,"SF_bio",1,1
"zq70",38.0886698918052,"SF_bio",1,1
"zq15",37.3722303064394,"SF_bio",1,1
"Percent.Below.30th.Quantile",302.190378149322,"SF_bio",1,2
"Percent.Below.40th.Quantile",253.537055336999,"SF_bio",1,2
"lad_sum",249.571912981746,"SF_bio",1,2
"lad_mean",179.398995849721,"SF_bio",1,2
"Ny_mean",144.194191305638,"SF_bio",1,2
"PC_Strata_0.00.0.25",125.605199891946,"SF_bio",1,2
"zq60",115.189858318328,"SF_bio",1,2
"zq80",107.645531056607,"SF_bio",1,2
"mean_vox_ht",99.7373675250054,"SF_bio",1,2
"zq65",94.3695425455251,"SF_bio",1,2
"Percent.Below.40th.Quantile",1143.79957633131,"SF_bio",1,3
"Percent.Below.30th.Quantile",742.69891335017,"SF_bio",1,3
"Total_PAD_RelZ1.05_2.00",39.8425878340789,"SF_bio",1,3
"Ny_mean",38.6832286346138,"SF_bio",1,3
"lad_sum",37.5363857205645,"SF_bio",1,3
"mean_vox_ht",28.2483811720512,"SF_bio",1,3
"zq65",21.802191974356,"SF_bio",1,3
"Alpha_Vol_m3",16.9448847884717,"SF_bio",1,3
"Anisotropy_sd",13.816896728162,"SF_bio",1,3
"lad_mean",13.235653983612,"SF_bio",1,3
"Percent.Below.30th.Quantile",1599.24037063166,"SF_bio",1,4
"Percent.Below.40th.Quantile",576.962729455931,"SF_bio",1,4
"lad_sum",237.701844761524,"SF_bio",1,4
"Ny_mean",208.515017697555,"SF_bio",1,4
"lad_mean",92.7065696762817,"SF_bio",1,4
"zpcum1",46.7197669132782,"SF_bio",1,4
"mean_vox_ht",34.4986892835101,"SF_bio",1,4
"Total_PAD_RelZ1.05_2.00",31.6143370999507,"SF_bio",1,4
"ipcumzq10",29.4403183876496,"SF_bio",1,4
"Alpha_Vol_m3",26.5850367005783,"SF_bio",1,4
"Percent.Below.30th.Quantile",335.147418405414,"SF_bio",1,5
"Percent.Below.40th.Quantile",238.407221964959,"SF_bio",1,5
"lad_sum",218.258765211454,"SF_bio",1,5
"lad_mean",204.424494165042,"SF_bio",1,5
"Ny_mean",156.226265140178,"SF_bio",1,5
"zq80",124.524628637791,"SF_bio",1,5
"zq70",110.766047478063,"SF_bio",1,5
"zq60",108.529281264138,"SF_bio",1,5
"mean_vox_ht",107.096643995668,"SF_bio",1,5
"zpcum1",103.078448445935,"SF_bio",1,5
"Percent.Below.40th.Quantile",783.560050882736,"SF_bio",2,1
"Percent.Below.30th.Quantile",711.794360027708,"SF_bio",2,1
"lad_sum",267.721111250562,"SF_bio",2,1
"lad_mean",141.236753353179,"SF_bio",2,1
"Ny_mean",82.2631726909704,"SF_bio",2,1
"mean_vox_ht",37.2968420089337,"SF_bio",2,1
"Total_PAD_RelZ1.05_2.00",27.749771249205,"SF_bio",2,1
"Anisotropy_sd",23.1658516325783,"SF_bio",2,1
"zpcum1",20.3207677313003,"SF_bio",2,1
"vn",19.5027805119792,"SF_bio",2,1
"Percent.Below.30th.Quantile",2306.25931573845,"SF_bio",2,2
"Percent.Below.40th.Quantile",352.485622418414,"SF_bio",2,2
"Ny_mean",94.5481085677066,"SF_bio",2,2
"lad_sum",92.2222790857061,"SF_bio",2,2
"zq70",39.5998746742438,"SF_bio",2,2
"Total_PAD_RelZ1.05_2.00",33.7936489270249,"SF_bio",2,2
"zpcum1",33.0331747935278,"SF_bio",2,2
"mean_vox_ht",26.5947025091063,"SF_bio",2,2
"Alpha_Vol_m3",23.1577923646581,"SF_bio",2,2
"lad_mean",22.7407245471937,"SF_bio",2,2
"lad_sum",76.3036888728516,"SF_bio",2,3
"Percent.Below.30th.Quantile",74.8240662163771,"SF_bio",2,3
"lad_mean",74.7722124177994,"SF_bio",2,3
"Ny_mean",73.7380723663854,"SF_bio",2,3
"Anisotropy_sd",48.6666829540677,"SF_bio",2,3
"Alpha_Vol_m3",41.5092881965096,"SF_bio",2,3
"PC_Strata_0.00.0.25",39.2168339558838,"SF_bio",2,3
"zq60",36.6209783519598,"SF_bio",2,3
"zq45",34.0056818265033,"SF_bio",2,3
"mean_vox_ht",32.9876147525717,"SF_bio",2,3
"Percent.Below.30th.Quantile",283.531132515176,"SF_bio",2,4
"Percent.Below.40th.Quantile",236.911852327914,"SF_bio",2,4
"lad_sum",232.653023777538,"SF_bio",2,4
"lad_mean",177.964553887353,"SF_bio",2,4
"Ny_mean",161.607806345004,"SF_bio",2,4
"mean_vox_ht",131.69292238113,"SF_bio",2,4
"zq60",114.925749326349,"SF_bio",2,4
"zq80",112.26933497629,"SF_bio",2,4
"zq45",104.168967923782,"SF_bio",2,4
"zq65",100.527228065545,"SF_bio",2,4
"Percent.Below.30th.Quantile",282.202869945245,"SF_bio",2,5
"Percent.Below.40th.Quantile",241.274067543096,"SF_bio",2,5
"lad_sum",183.696450296553,"SF_bio",2,5
"zpcum1",157.053322372911,"SF_bio",2,5
"lad_mean",140.32502782096,"SF_bio",2,5
"Ny_mean",140.258200508238,"SF_bio",2,5
"zq45",120.836396389651,"SF_bio",2,5
"mean_vox_ht",117.936284497433,"SF_bio",2,5
"zq65",110.670703773061,"SF_bio",2,5
"zq15",91.6548146858864,"SF_bio",2,5
"Percent.Below.30th.Quantile",266.72834101788,"SF_bio",3,1
"Percent.Below.40th.Quantile",223.890337786699,"SF_bio",3,1
"lad_sum",181.15620641163,"SF_bio",3,1
"lad_mean",148.909641244363,"SF_bio",3,1
"zq45",127.526786135868,"SF_bio",3,1
"Ny_mean",126.96985108217,"SF_bio",3,1
"zpcum1",125.719703768731,"SF_bio",3,1
"zq60",117.6960179453,"SF_bio",3,1
"zq80",112.349884263488,"SF_bio",3,1
"zq70",97.2628235980822,"SF_bio",3,1
"Percent.Below.40th.Quantile",1050.94456819647,"SF_bio",3,2
"Percent.Below.30th.Quantile",792.211608135144,"SF_bio",3,2
"lad_sum",90.9302275650024,"SF_bio",3,2
"Ny_mean",70.6720361971983,"SF_bio",3,2
"lad_mean",43.0649021324653,"SF_bio",3,2
"mean_vox_ht",41.123492262385,"SF_bio",3,2
"Anisotropy_sd",31.8644893611588,"SF_bio",3,2
"zq80",29.5417343445617,"SF_bio",3,2
"Total_PAD_RelZ1.05_2.00",19.9208252299439,"SF_bio",3,2
"zq65",11.2023189420384,"SF_bio",3,2
"Percent.Below.30th.Quantile",324.859567446,"SF_bio",3,3
"lad_sum",304.216925631852,"SF_bio",3,3
"lad_mean",255.74652379356,"SF_bio",3,3
"Percent.Below.40th.Quantile",232.379544635556,"SF_bio",3,3
"Ny_mean",130.551819813753,"SF_bio",3,3
"PC_Strata_0.00.0.25",128.468538179034,"SF_bio",3,3
"zq65",103.396353021387,"SF_bio",3,3
"zq80",97.3809998051751,"SF_bio",3,3
"zq70",97.2604754770425,"SF_bio",3,3
"zpcum1",93.915744030997,"SF_bio",3,3
"Percent.Below.30th.Quantile",1574.34557209665,"SF_bio",3,4
"Percent.Below.40th.Quantile",507.082357196864,"SF_bio",3,4
"Ny_mean",278.287348661889,"SF_bio",3,4
"lad_sum",207.932008695382,"SF_bio",3,4
"lad_mean",59.9874555125842,"SF_bio",3,4
"Alpha_Vol_m3",48.4962051808223,"SF_bio",3,4
"vn",17.1064694411068,"SF_bio",3,4
"Total_PAD_RelZ1.05_2.00",14.6962072315466,"SF_bio",3,4
"Anisotropy_sd",12.7441791712315,"SF_bio",3,4
"zpcum1",12.2931323418715,"SF_bio",3,4
"Percent.Below.30th.Quantile",118.087672152182,"SF_bio",3,5
"Ny_mean",64.8161107096675,"SF_bio",3,5
"Anisotropy_sd",50.6477858275488,"SF_bio",3,5
"lad_mean",49.565044395753,"SF_bio",3,5
"lad_sum",45.8969713197951,"SF_bio",3,5
"zq45",41.1990584807602,"SF_bio",3,5
"zq25",38.0055557263934,"SF_bio",3,5
"zpcum1",34.9766274392229,"SF_bio",3,5
"zq70",33.7504022722462,"SF_bio",3,5
"Total_PAD_RelZ1.05_2.00",33.5624693806041,"SF_bio",3,5
"Ny_mean",94.0530969566167,"SF_bio",4,1
"lad_sum",70.3013067103776,"SF_bio",4,1
"Percent.Below.30th.Quantile",69.5557166806159,"SF_bio",4,1
"lad_mean",64.4470680535911,"SF_bio",4,1
"zq60",58.7524891261117,"SF_bio",4,1
"zq65",48.9138597627711,"SF_bio",4,1
"Anisotropy_sd",44.5308719395744,"SF_bio",4,1
"mean_vox_ht",42.730918004566,"SF_bio",4,1
"zq70",40.4211727485582,"SF_bio",4,1
"zq15",38.1442670274185,"SF_bio",4,1
"Percent.Below.30th.Quantile",249.657619819584,"SF_bio",4,2
"Percent.Below.40th.Quantile",233.244254669785,"SF_bio",4,2
"PC_Strata_0.00.0.25",119.643212308033,"SF_bio",4,2
"zq80",106.389464795305,"SF_bio",4,2
"lad_sum",98.4753053949562,"SF_bio",4,2
"zq70",91.1256760298417,"SF_bio",4,2
"lad_mean",89.2874401036847,"SF_bio",4,2
"zq45",82.1098770083606,"SF_bio",4,2
"mean_vox_ht",75.2775387896543,"SF_bio",4,2
"zq50",70.5033776478794,"SF_bio",4,2
"Percent.Below.30th.Quantile",337.030342916567,"SF_bio",4,3
"Percent.Below.40th.Quantile",241.139917012183,"SF_bio",4,3
"lad_mean",162.746978444479,"SF_bio",4,3
"Ny_mean",150.840085387331,"SF_bio",4,3
"lad_sum",142.920403058014,"SF_bio",4,3
"zpcum1",142.415590061339,"SF_bio",4,3
"PC_Strata_0.00.0.25",125.202403912142,"SF_bio",4,3
"zq45",117.273977173485,"SF_bio",4,3
"zq70",105.885480894254,"SF_bio",4,3
"zq60",104.893040508374,"SF_bio",4,3
"Percent.Below.30th.Quantile",342.680633274893,"SF_bio",4,4
"Percent.Below.40th.Quantile",273.4117934742,"SF_bio",4,4
"lad_sum",240.921887264891,"SF_bio",4,4
"lad_mean",159.986742646474,"SF_bio",4,4
"Ny_mean",133.001441021111,"SF_bio",4,4
"zq45",116.983691296389,"SF_bio",4,4
"zq65",107.32864486195,"SF_bio",4,4
"zq60",100.697577709605,"SF_bio",4,4
"PC_Strata_0.00.0.25",93.4375079159292,"SF_bio",4,4
"Alpha_Vol_m3",88.7052107095653,"SF_bio",4,4
"Percent.Below.30th.Quantile",409.409125852235,"SF_bio",4,5
"lad_sum",259.181904283912,"SF_bio",4,5
"Percent.Below.40th.Quantile",195.89635748394,"SF_bio",4,5
"lad_mean",183.917444931728,"SF_bio",4,5
"zq80",133.9834833939,"SF_bio",4,5
"Ny_mean",130.047596955841,"SF_bio",4,5
"zq65",110.77047774309,"SF_bio",4,5
"zq70",110.317813754697,"SF_bio",4,5
"zq45",103.032671325289,"SF_bio",4,5
"zpcum1",99.2159089009914,"SF_bio",4,5
"lad_sum",1105.2752587081,"SF_bio",5,1
"Percent.Below.30th.Quantile",618.888710784491,"SF_bio",5,1
"lad_mean",506.027737490299,"SF_bio",5,1
"Percent.Below.40th.Quantile",314.326356789889,"SF_bio",5,1
"Ny_mean",182.383521509162,"SF_bio",5,1
"zpcum1",40.5731528669535,"SF_bio",5,1
"mean_vox_ht",40.0934153714275,"SF_bio",5,1
"zq50",20.9670400408032,"SF_bio",5,1
"Total_PAD_RelZ1.05_2.00",19.6571593627926,"SF_bio",5,1
"Anisotropy_sd",18.7614163792197,"SF_bio",5,1
"Percent.Below.30th.Quantile",81.5329717621553,"SF_bio",5,2
"lad_sum",59.2104062696923,"SF_bio",5,2
"Total_PAD_RelZ1.05_2.00",53.0981656804335,"SF_bio",5,2
"Ny_mean",52.9060385103639,"SF_bio",5,2
"lad_mean",50.3628329522675,"SF_bio",5,2
"Anisotropy_sd",48.5753753950932,"SF_bio",5,2
"zq60",47.2832413259548,"SF_bio",5,2
"zq45",44.181863298752,"SF_bio",5,2
"zq65",38.993667300394,"SF_bio",5,2
"PC_Strata_0.00.0.25",38.9484626545949,"SF_bio",5,2
"Percent.Below.30th.Quantile",1453.93357315335,"SF_bio",5,3
"Percent.Below.40th.Quantile",820.203736570124,"SF_bio",5,3
"lad_sum",216.695777896262,"SF_bio",5,3
"Ny_mean",212.007596728687,"SF_bio",5,3
"Alpha_Vol_m3",50.6742047617199,"SF_bio",5,3
"lad_mean",40.8239202894195,"SF_bio",5,3
"Anisotropy_sd",20.4427092289275,"SF_bio",5,3
"vn",17.3237406665098,"SF_bio",5,3
"mean_vox_ht",12.3682593144833,"SF_bio",5,3
"Total_PAD_RelZ1.05_2.00",11.2540380743747,"SF_bio",5,3
"Percent.Below.30th.Quantile",2350.15146100509,"SF_bio",5,4
"Percent.Below.40th.Quantile",341.847700052307,"SF_bio",5,4
"Total_PAD_RelZ1.05_2.00",70.0358431218423,"SF_bio",5,4
"Ny_mean",61.3222480562184,"SF_bio",5,4
"lad_sum",47.7958396551452,"SF_bio",5,4
"lad_mean",22.2388838719809,"SF_bio",5,4
"mean_vox_ht",12.0604316953876,"SF_bio",5,4
"Anisotropy_sd",9.85873911131447,"SF_bio",5,4
"zpcum1",7.52252168388989,"SF_bio",5,4
"ipcumzq10",6.60977700985147,"SF_bio",5,4
"Percent.Below.40th.Quantile",1223.49197342444,"SF_bio",5,5
"Percent.Below.30th.Quantile",697.527520596689,"SF_bio",5,5
"Ny_mean",66.0990624560659,"SF_bio",5,5
"Total_PAD_RelZ1.05_2.00",41.7731769845263,"SF_bio",5,5
"mean_vox_ht",36.9282704336278,"SF_bio",5,5
"Alpha_Vol_m3",35.7151821950302,"SF_bio",5,5
"lad_sum",28.7710956091777,"SF_bio",5,5
"Anisotropy_sd",21.9409703226386,"SF_bio",5,5
"zq50",10.6786618691327,"SF_bio",5,5
"zq80",10.4920005127218,"SF_bio",5,5
"Percent.Below.30th.Quantile",366.865279010866,"SF_bio",6,1
"Percent.Below.40th.Quantile",265.183413296976,"SF_bio",6,1
"lad_sum",199.6608542029,"SF_bio",6,1
"lad_mean",195.827357932886,"SF_bio",6,1
"Ny_mean",170.554006810505,"SF_bio",6,1
"mean_vox_ht",108.54644617341,"SF_bio",6,1
"zq45",107.520825828361,"SF_bio",6,1
"zq60",104.046266944583,"SF_bio",6,1
"zq65",102.97808601519,"SF_bio",6,1
"ipcumzq10",100.374977428548,"SF_bio",6,1
"Percent.Below.30th.Quantile",323.768407061727,"SF_bio",6,2
"Percent.Below.40th.Quantile",230.187792187298,"SF_bio",6,2
"lad_sum",184.775073208971,"SF_bio",6,2
"lad_mean",183.083812960765,"SF_bio",6,2
"zq65",135.125506108047,"SF_bio",6,2
"PC_Strata_0.00.0.25",129.303524532642,"SF_bio",6,2
"Ny_mean",128.763197693368,"SF_bio",6,2
"zq70",126.012694727786,"SF_bio",6,2
"zq30",113.497490893624,"SF_bio",6,2
"mean_vox_ht",112.938349027682,"SF_bio",6,2
"Percent.Below.30th.Quantile",264.244588829221,"SF_bio",6,3
"Percent.Below.40th.Quantile",235.162589519726,"SF_bio",6,3
"lad_sum",145.437791008146,"SF_bio",6,3
"lad_mean",102.694757776164,"SF_bio",6,3
"zq70",99.2698806537919,"SF_bio",6,3
"Ny_mean",92.8214672707829,"SF_bio",6,3
"mean_vox_ht",77.589599156725,"SF_bio",6,3
"PC_Strata_0.00.0.25",73.8183863027009,"SF_bio",6,3
"zq65",72.2952519899487,"SF_bio",6,3
"zq60",71.4349229738311,"SF_bio",6,3
"Percent.Below.30th.Quantile",114.905438625817,"SF_bio",6,4
"Ny_mean",79.588613091247,"SF_bio",6,4
"lad_sum",66.3022539016799,"SF_bio",6,4
"lad_mean",55.4405111675428,"SF_bio",6,4
"zq45",54.2482852949433,"SF_bio",6,4
"zq60",52.3656284263373,"SF_bio",6,4
"Anisotropy_sd",46.7206500254819,"SF_bio",6,4
"zq65",38.3174502913168,"SF_bio",6,4
"zq80",35.0274029760737,"SF_bio",6,4
"zq70",33.3051996429304,"SF_bio",6,4
"Percent.Below.30th.Quantile",1539.95735479159,"SF_bio",6,5
"Percent.Below.40th.Quantile",685.701910513761,"SF_bio",6,5
"lad_sum",228.055680627403,"SF_bio",6,5
"Ny_mean",152.771405653404,"SF_bio",6,5
"lad_mean",44.8333681573671,"SF_bio",6,5
"Anisotropy_sd",39.8553676116145,"SF_bio",6,5
"mean_vox_ht",38.8932266652773,"SF_bio",6,5
"Total_PAD_RelZ1.05_2.00",37.3586606478441,"SF_bio",6,5
"zpcum1",27.8935599293049,"SF_bio",6,5
"Alpha_Vol_m3",24.6384501391131,"SF_bio",6,5
"Percent.Below.30th.Quantile",360.727182542724,"SF_bio",7,1
"Percent.Below.40th.Quantile",222.269036448991,"SF_bio",7,1
"lad_sum",217.313976722685,"SF_bio",7,1
"lad_mean",159.790451782134,"SF_bio",7,1
"Ny_mean",142.246053515555,"SF_bio",7,1
"zpcum1",115.627745417371,"SF_bio",7,1
"zq45",110.229050804334,"SF_bio",7,1
"mean_vox_ht",106.995124712631,"SF_bio",7,1
"zq80",106.311855607228,"SF_bio",7,1
"zq50",91.6331776955845,"SF_bio",7,1
"Percent.Below.30th.Quantile",127.197373477719,"SF_bio",7,2
"lad_sum",85.1629072900271,"SF_bio",7,2
"lad_mean",79.375501648175,"SF_bio",7,2
"Ny_mean",71.5193745817508,"SF_bio",7,2
"Anisotropy_sd",47.0816075771258,"SF_bio",7,2
"zq60",40.361416912639,"SF_bio",7,2
"zq20",38.3623084638034,"SF_bio",7,2
"Percent.Below.10th.Quantile",36.2918589418435,"SF_bio",7,2
"zq15",35.7212766925093,"SF_bio",7,2
"zq65",35.3058753296029,"SF_bio",7,2
"Percent.Below.30th.Quantile",1041.70829658371,"SF_bio",7,3
"Percent.Below.40th.Quantile",928.898463547256,"SF_bio",7,3
"lad_sum",108.657557353319,"SF_bio",7,3
"Total_PAD_RelZ1.05_2.00",44.9417741868129,"SF_bio",7,3
"Ny_mean",40.5708910921359,"SF_bio",7,3
"mean_vox_ht",32.519727840006,"SF_bio",7,3
"Alpha_Vol_m3",28.1506059180294,"SF_bio",7,3
"lad_mean",23.0440288811148,"SF_bio",7,3
"Anisotropy_sd",20.6266464043103,"SF_bio",7,3
"vn",11.4781833609234,"SF_bio",7,3
"Percent.Below.30th.Quantile",1464.96950368079,"SF_bio",7,4
"Percent.Below.40th.Quantile",601.852748668442,"SF_bio",7,4
"Ny_mean",209.797859203335,"SF_bio",7,4
"lad_sum",185.764297903533,"SF_bio",7,4
"Total_PAD_RelZ1.05_2.00",41.6000478207387,"SF_bio",7,4
"mean_vox_ht",40.892579473379,"SF_bio",7,4
"lad_mean",37.2645299716852,"SF_bio",7,4
"zpcum1",29.7158101808895,"SF_bio",7,4
"zq50",21.1397972350084,"SF_bio",7,4
"Anisotropy_sd",20.6923786100831,"SF_bio",7,4
"Percent.Below.30th.Quantile",247.699382506759,"SF_bio",7,5
"Percent.Below.40th.Quantile",242.570114754695,"SF_bio",7,5
"lad_sum",207.929330978093,"SF_bio",7,5
"lad_mean",184.386188690755,"SF_bio",7,5
"Ny_mean",168.769357285468,"SF_bio",7,5
"PC_Strata_0.00.0.25",106.204769766402,"SF_bio",7,5
"zq70",105.813558506836,"SF_bio",7,5
"Total_PAD_RelZ1.05_2.00",104.85047907727,"SF_bio",7,5
"zq65",103.683418516705,"SF_bio",7,5
"vn",95.3001532018048,"SF_bio",7,5
"Percent.Below.30th.Quantile",294.94195086524,"SF_bio",8,1
"lad_sum",250.799214751644,"SF_bio",8,1
"Ny_mean",219.207305658851,"SF_bio",8,1
"Percent.Below.40th.Quantile",205.349388099641,"SF_bio",8,1
"lad_mean",193.370617616842,"SF_bio",8,1
"zpcum1",141.114972588536,"SF_bio",8,1
"zq65",114.216688892001,"SF_bio",8,1
"zq45",110.105930951216,"SF_bio",8,1
"Percent.Below.10th.Quantile",102.267180387723,"SF_bio",8,1
"zq60",90.9230102670278,"SF_bio",8,1
"Percent.Below.30th.Quantile",135.758777213242,"SF_bio",8,2
"Ny_mean",72.8972879080214,"SF_bio",8,2
"lad_sum",57.784620209414,"SF_bio",8,2
"lad_mean",46.1998132401192,"SF_bio",8,2
"Anisotropy_sd",42.7309143610335,"SF_bio",8,2
"zq60",42.6653059579835,"SF_bio",8,2
"zq65",40.0214299996156,"SF_bio",8,2
"zq20",38.276873226472,"SF_bio",8,2
"mean_vox_ht",37.5189132447255,"SF_bio",8,2
"zq70",37.0661980540653,"SF_bio",8,2
"Percent.Below.30th.Quantile",309.669883425029,"SF_bio",8,3
"Percent.Below.40th.Quantile",256.082976929951,"SF_bio",8,3
"lad_mean",229.879145578143,"SF_bio",8,3
"lad_sum",229.676009545998,"SF_bio",8,3
"Ny_mean",135.565468172201,"SF_bio",8,3
"zq60",130.470406769251,"SF_bio",8,3
"zq70",104.151894639262,"SF_bio",8,3
"mean_vox_ht",96.4920506655484,"SF_bio",8,3
"zq50",96.3593852404415,"SF_bio",8,3
"PC_Strata_0.00.0.25",91.3758302890487,"SF_bio",8,3
"Percent.Below.30th.Quantile",1539.74875329946,"SF_bio",8,4
"Percent.Below.40th.Quantile",675.963382898445,"SF_bio",8,4
"lad_sum",223.381012160096,"SF_bio",8,4
"Ny_mean",105.386355381276,"SF_bio",8,4
"lad_mean",40.6309559145503,"SF_bio",8,4
"Total_PAD_RelZ1.05_2.00",39.8368081289104,"SF_bio",8,4
"mean_vox_ht",35.3759751627736,"SF_bio",8,4
"zpcum1",30.7706089007512,"SF_bio",8,4
"Anisotropy_sd",22.7668918715574,"SF_bio",8,4
"Alpha_Vol_m3",22.3200617608207,"SF_bio",8,4
"Percent.Below.30th.Quantile",1080.69296700835,"SF_bio",8,5
"Percent.Below.40th.Quantile",900.898778736769,"SF_bio",8,5
"lad_sum",51.2020741037358,"SF_bio",8,5
"lad_mean",46.8517002949942,"SF_bio",8,5
"Ny_mean",46.0651049031014,"SF_bio",8,5
"Total_PAD_RelZ1.05_2.00",37.7086829426508,"SF_bio",8,5
"mean_vox_ht",37.6028629988131,"SF_bio",8,5
"Alpha_Vol_m3",26.4067355960762,"SF_bio",8,5
"Anisotropy_sd",24.7019380327308,"SF_bio",8,5
"zq80",18.5446583024787,"SF_bio",8,5
"Percent.Below.30th.Quantile",349.553039131801,"SF_bio",9,1
"Percent.Below.40th.Quantile",245.302565270049,"SF_bio",9,1
"lad_sum",222.029222039566,"SF_bio",9,1
"lad_mean",145.721632112656,"SF_bio",9,1
"zq60",140.212233980523,"SF_bio",9,1
"Ny_mean",138.975156083931,"SF_bio",9,1
"PC_Strata_0.00.0.25",120.529894695255,"SF_bio",9,1
"zpcum1",119.845458543129,"SF_bio",9,1
"zq80",115.481044167484,"SF_bio",9,1
"zq70",104.760194135406,"SF_bio",9,1
"Percent.Below.30th.Quantile",1490.27281178076,"SF_bio",9,2
"Percent.Below.40th.Quantile",758.301450848484,"SF_bio",9,2
"lad_sum",198.869104767011,"SF_bio",9,2
"Ny_mean",128.197109661638,"SF_bio",9,2
"lad_mean",66.4259378004633,"SF_bio",9,2
"Alpha_Vol_m3",50.5809552602702,"SF_bio",9,2
"Anisotropy_sd",17.7896216773201,"SF_bio",9,2
"vn",16.8337886557347,"SF_bio",9,2
"ipcumzq10",12.2086864497592,"SF_bio",9,2
"zpcum1",11.8343921193118,"SF_bio",9,2
"Percent.Below.30th.Quantile",2334.5026412006,"SF_bio",9,3
"Percent.Below.40th.Quantile",296.136679636556,"SF_bio",9,3
"Ny_mean",68.9885568077834,"SF_bio",9,3
"lad_sum",62.14866151677,"SF_bio",9,3
"Total_PAD_RelZ1.05_2.00",47.2622607485363,"SF_bio",9,3
"Alpha_Vol_m3",26.6197974585776,"SF_bio",9,3
"mean_vox_ht",21.5093144964102,"SF_bio",9,3
"Anisotropy_sd",21.4920538776033,"SF_bio",9,3
"lad_mean",16.8901800586645,"SF_bio",9,3
"vn",10.7259712052071,"SF_bio",9,3
"Percent.Below.40th.Quantile",214.659065308869,"SF_bio",9,4
"Percent.Below.30th.Quantile",204.612498641556,"SF_bio",9,4
"lad_sum",168.835209537967,"SF_bio",9,4
"lad_mean",154.616425924517,"SF_bio",9,4
"Ny_mean",153.740744347824,"SF_bio",9,4
"zq65",92.5222617906576,"SF_bio",9,4
"zq80",78.9392064494372,"SF_bio",9,4
"zq50",74.1762216641988,"SF_bio",9,4
"zq70",72.9091726551369,"SF_bio",9,4
"zpcum1",70.7581905505463,"SF_bio",9,4
"Percent.Below.30th.Quantile",82.2230744503443,"SF_bio",9,5
"Ny_mean",69.6653603083238,"SF_bio",9,5
"lad_mean",61.5549658106202,"SF_bio",9,5
"lad_sum",58.6760807308191,"SF_bio",9,5
"Anisotropy_sd",50.6804760729708,"SF_bio",9,5
"zq70",40.9322637285181,"SF_bio",9,5
"Total_PAD_RelZ1.05_2.00",37.144073992617,"SF_bio",9,5
"zq60",35.4839343615538,"SF_bio",9,5
"ipcumzq10",35.2324697793245,"SF_bio",9,5
"zq50",33.4271106804494,"SF_bio",9,5
"Percent.Below.30th.Quantile",998.408277000049,"SF_bio",10,1
"Percent.Below.40th.Quantile",853.042598415392,"SF_bio",10,1
"Ny_mean",103.768317972468,"SF_bio",10,1
"lad_sum",71.5273997332711,"SF_bio",10,1
"Total_PAD_RelZ1.05_2.00",48.1990367279377,"SF_bio",10,1
"zq50",32.0882575162005,"SF_bio",10,1
"lad_mean",25.6096718728817,"SF_bio",10,1
"mean_vox_ht",20.1081769444061,"SF_bio",10,1
"Anisotropy_sd",17.256150929184,"SF_bio",10,1
"zq65",14.4112809564849,"SF_bio",10,1
"Percent.Below.30th.Quantile",81.5185475967228,"SF_bio",10,2
"lad_mean",63.6225818361581,"SF_bio",10,2
"Ny_mean",48.3719213139671,"SF_bio",10,2
"lad_sum",48.2815238841682,"SF_bio",10,2
"Anisotropy_sd",44.1046314978059,"SF_bio",10,2
"zq60",41.2949420821232,"SF_bio",10,2
"Alpha_Vol_m3",37.8593770241414,"SF_bio",10,2
"zq45",35.7189949798238,"SF_bio",10,2
"zq65",34.3793893025191,"SF_bio",10,2
"vn",32.5462052795716,"SF_bio",10,2
"Percent.Below.30th.Quantile",2351.29668930886,"SF_bio",10,3
"Percent.Below.40th.Quantile",316.267576969796,"SF_bio",10,3
"lad_sum",54.2837956323535,"SF_bio",10,3
"lad_mean",52.9318873612063,"SF_bio",10,3
"Ny_mean",45.2540806712987,"SF_bio",10,3
"mean_vox_ht",40.5371090519897,"SF_bio",10,3
"Total_PAD_RelZ1.05_2.00",28.8764944274082,"SF_bio",10,3
"Anisotropy_sd",23.7738885376225,"SF_bio",10,3
"zq50",21.4041031537054,"SF_bio",10,3
"Alpha_Vol_m3",15.7374184003973,"SF_bio",10,3
"Percent.Below.30th.Quantile",323.493936104705,"SF_bio",10,4
"lad_sum",288.458788626982,"SF_bio",10,4
"Percent.Below.40th.Quantile",250.234809224994,"SF_bio",10,4
"lad_mean",248.135177614486,"SF_bio",10,4
"Ny_mean",154.209460878348,"SF_bio",10,4
"zq80",115.56651003251,"SF_bio",10,4
"zpcum1",107.464082866672,"SF_bio",10,4
"mean_vox_ht",101.878502788957,"SF_bio",10,4
"zq70",92.1282658760203,"SF_bio",10,4
"zq65",89.9526118326977,"SF_bio",10,4
"Percent.Below.30th.Quantile",400.307542643293,"SF_bio",10,5
"Percent.Below.40th.Quantile",245.147965285781,"SF_bio",10,5
"lad_sum",202.535545382037,"SF_bio",10,5
"lad_mean",166.36115875415,"SF_bio",10,5
"Ny_mean",149.471906998719,"SF_bio",10,5
"zq60",128.266460639999,"SF_bio",10,5
"PC_Strata_0.00.0.25",125.80668569135,"SF_bio",10,5
"zq70",110.203827917511,"SF_bio",10,5
"zq80",108.018252031897,"SF_bio",10,5
"mean_vox_ht",100.013814048033,"SF_bio",10,5
"imean",0.0146089919265771,"Herb",1,1
"Eigentropy_mean",0.0115384806672031,"Herb",1,1
"eSum_mean",0.0108997207651289,"Herb",1,1
"Omnivariance_mean",0.00948708638419353,"Herb",1,1
"eSmallest_sd",0.00947581050378379,"Herb",1,1
"Anisotropy_mean",0.00916976728724323,"Herb",1,1
"eSmallest_mean",0.00766153285941124,"Herb",1,1
"Percent_EmptySpace_RelZ1.05_2.00",0.00745477412793159,"Herb",1,1
"Sphericity_mean",0.00737784982973294,"Herb",1,1
"Sphericity_sd",0.00735332262950462,"Herb",1,1
"Omnivariance_mean",0.0168482202762688,"Herb",1,2
"eSmallest_mean",0.0143410148236501,"Herb",1,2
"Anisotropy_mean",0.0142890367286594,"Herb",1,2
"Curvature_mean",0.0130615016785588,"Herb",1,2
"eSum_mean",0.0125764322308223,"Herb",1,2
"Eigentropy_mean",0.0125645645108387,"Herb",1,2
"Sphericity_mean",0.0115457790689097,"Herb",1,2
"imean",0.01091584090335,"Herb",1,2
"ChangeCurvature_mean",0.0105071951677116,"Herb",1,2
"Percent.Below.20th.Quantile",0.010479069591899,"Herb",1,2
"eSmallest_sd",0.0389892780564925,"Herb",1,3
"imean",0.0234827943641881,"Herb",1,3
"iskew",0.021087062848076,"Herb",1,3
"Omnivariance_mean",0.0170812416881442,"Herb",1,3
"Sphericity_sd",0.0136693537625181,"Herb",1,3
"Eigentropy_mean",0.0133483480325952,"Herb",1,3
"eSmallest_mean",0.0116828224817053,"Herb",1,3
"Anisotropy_mean",0.00884386868297053,"Herb",1,3
"SD_PropOcc_RelZ1.05_2.00",0.0078294642045275,"Herb",1,3
"PC_Strata_0.25.0.50",0.00651666407182591,"Herb",1,3
"eSmallest_mean",0.0290442256690105,"Herb",1,4
"imean",0.0256125997589205,"Herb",1,4
"Eigentropy_mean",0.0254923831443973,"Herb",1,4
"Omnivariance_mean",0.0205366687237248,"Herb",1,4
"Anisotropy_mean",0.0178890284161184,"Herb",1,4
"eSmallest_sd",0.0143845000813518,"Herb",1,4
"SD_PropOcc_RelZ1.05_2.00",0.01153706669891,"Herb",1,4
"Sphericity_sd",0.0101183368860444,"Herb",1,4
"iskew",0.00959728902305156,"Herb",1,4
"Kurt_PropOcc_RelZ0_0.25",0.0086013750037784,"Herb",1,4
"imean",0.0359817105460512,"Herb",1,5
"Eigentropy_mean",0.0310426838385597,"Herb",1,5
"Omnivariance_mean",0.0300955488437123,"Herb",1,5
"eSmallest_sd",0.0181453912476565,"Herb",1,5
"eSum_mean",0.0175824086627499,"Herb",1,5
"Percent.Below.20th.Quantile",0.0133231974869354,"Herb",1,5
"Kurt_PropOcc_RelZ0_0.25",0.00851027159675708,"Herb",1,5
"SD_PropOcc_RelZ1.05_2.00",0.00845930343640401,"Herb",1,5
"Sphericity_sd",0.00821777081507106,"Herb",1,5
"iskew",0.00709093940856139,"Herb",1,5
"imean",0.0439177729497709,"Herb",2,1
"Eigentropy_mean",0.0237024195344466,"Herb",2,1
"eSum_mean",0.0183636430702681,"Herb",2,1
"Omnivariance_mean",0.0145902106885054,"Herb",2,1
"eSmallest_sd",0.0132532285703885,"Herb",2,1
"iskew",0.011607543712272,"Herb",2,1
"Percent.Below.20th.Quantile",0.0107184036203688,"Herb",2,1
"PC_Strata_0.25.0.50",0.00851955448544838,"Herb",2,1
"eSmallest_mean",0.00736164312959985,"Herb",2,1
"Sphericity_sd",0.00717256472081331,"Herb",2,1
"Omnivariance_mean",0.0341142393359988,"Herb",2,2
"Anisotropy_mean",0.0275162805651083,"Herb",2,2
"imean",0.0268496535191118,"Herb",2,2
"Eigentropy_mean",0.0140689510018957,"Herb",2,2
"eSmallest_mean",0.0111302541415217,"Herb",2,2
"Percent_EmptySpace_RelZ1.05_2.00",0.011007318791189,"Herb",2,2
"eSum_mean",0.0102006450521597,"Herb",2,2
"Percent.Below.20th.Quantile",0.00967614676511525,"Herb",2,2
"iskew",0.00904901477496847,"Herb",2,2
"eSmallest_sd",0.00870373151811752,"Herb",2,2
"Eigentropy_mean",0.0404730470687085,"Herb",2,3
"eSum_mean",0.0260626965584761,"Herb",2,3
"Omnivariance_mean",0.0216113204777908,"Herb",2,3
"eSmallest_sd",0.0172829482967718,"Herb",2,3
"Sphericity_sd",0.0141784059346759,"Herb",2,3
"Anisotropy_mean",0.0120513806821974,"Herb",2,3
"eSmallest_mean",0.0109158897420037,"Herb",2,3
"PC_Strata_0.25.0.50",0.00986490409369698,"Herb",2,3
"imean",0.00783259769189995,"Herb",2,3
"Kurt_PropOcc_RelZ0_0.25",0.00715668616141281,"Herb",2,3
"imean",0.0326962002031716,"Herb",2,4
"eSmallest_sd",0.0236685309212055,"Herb",2,4
"Omnivariance_mean",0.0179344616762944,"Herb",2,4
"Eigentropy_mean",0.017116470100969,"Herb",2,4
"eSmallest_mean",0.0160042901222588,"Herb",2,4
"Sphericity_sd",0.0109003857861607,"Herb",2,4
"SD_PropOcc_RelZ1.05_2.00",0.0107518406288705,"Herb",2,4
"Percent_EmptySpace_RelZ1.05_2.00",0.00810703673300165,"Herb",2,4
"iskew",0.00749106545820181,"Herb",2,4
"eSum_mean",0.00709994542330731,"Herb",2,4
"Omnivariance_mean",0.0157799928071941,"Herb",2,5
"imean",0.014236150855173,"Herb",2,5
"eSum_mean",0.0129170166964592,"Herb",2,5
"Eigentropy_mean",0.0115839237423098,"Herb",2,5
"Sphericity_mean",0.0111995445885655,"Herb",2,5
"eSmallest_sd",0.0110492108398231,"Herb",2,5
"eSmallest_mean",0.0106946365462867,"Herb",2,5
"Curvature_mean",0.00996913066688024,"Herb",2,5
"Anisotropy_mean",0.00995742177877455,"Herb",2,5
"ChangeCurvature_mean",0.00897003592060647,"Herb",2,5
"imean",0.0135274566908796,"Herb",3,1
"Omnivariance_mean",0.0105827355062029,"Herb",3,1
"eSmallest_mean",0.0102856427246168,"Herb",3,1
"Sphericity_mean",0.00900723852927973,"Herb",3,1
"Eigentropy_mean",0.00861462180630763,"Herb",3,1
"Anisotropy_mean",0.00854455267327344,"Herb",3,1
"Planarity_sd",0.00843693688753598,"Herb",3,1
"iskew",0.00834243267700209,"Herb",3,1
"ChangeCurvature_mean",0.0078938239216536,"Herb",3,1
"Percent.Below.20th.Quantile",0.00778576341015389,"Herb",3,1
"Eigentropy_mean",0.0169259679550533,"Herb",3,2
"Omnivariance_mean",0.0156418809850769,"Herb",3,2
"eSmallest_sd",0.0143151055593536,"Herb",3,2
"eSmallest_mean",0.0137902498384808,"Herb",3,2
"Curvature_mean",0.0126351646162474,"Herb",3,2
"imean",0.0121988970519649,"Herb",3,2
"Sphericity_sd",0.0114254005902641,"Herb",3,2
"Anisotropy_mean",0.0113628802788107,"Herb",3,2
"eSum_mean",0.0110430719268247,"Herb",3,2
"Sphericity_mean",0.0102594112893156,"Herb",3,2
"imean",0.0302379545498596,"Herb",3,3
"Omnivariance_mean",0.0257910029214724,"Herb",3,3
"Eigentropy_mean",0.0243781837448269,"Herb",3,3
"eSum_mean",0.0229569405812871,"Herb",3,3
"iskew",0.0108005208824468,"Herb",3,3
"Percent_EmptySpace_RelZ1.05_2.00",0.00943901335508122,"Herb",3,3
"Percent.Below.20th.Quantile",0.00925907045606494,"Herb",3,3
"Sphericity_sd",0.00721023722732603,"Herb",3,3
"Anisotropy_mean",0.00709794564302319,"Herb",3,3
"Total_PAD_RelZ1.05_2.00",0.00705346247460209,"Herb",3,3
"imean",0.016002075810178,"Herb",3,4
"Omnivariance_mean",0.0158211008130705,"Herb",3,4
"eSmallest_mean",0.0148957007187218,"Herb",3,4
"Anisotropy_mean",0.01406666190227,"Herb",3,4
"Eigentropy_mean",0.0138921094888751,"Herb",3,4
"eSum_mean",0.0131295181967852,"Herb",3,4
"ChangeCurvature_mean",0.0128362558494366,"Herb",3,4
"Sphericity_sd",0.01253085605808,"Herb",3,4
"eSmallest_sd",0.0119551143124455,"Herb",3,4
"Curvature_mean",0.0118485533883068,"Herb",3,4
"eSmallest_sd",0.0298029967392292,"Herb",3,5
"Eigentropy_mean",0.0273729251691637,"Herb",3,5
"Omnivariance_mean",0.0244023920332079,"Herb",3,5
"Anisotropy_mean",0.0198291694490123,"Herb",3,5
"eSum_mean",0.0171310629615459,"Herb",3,5
"imean",0.0119744188793111,"Herb",3,5
"Sphericity_sd",0.0117541491280912,"Herb",3,5
"PC_Strata_0.25.0.50",0.00921375981644183,"Herb",3,5
"Kurt_PropOcc_RelZ0_0.25",0.00916589120540717,"Herb",3,5
"eSmallest_mean",0.00680001513326487,"Herb",3,5
"imean",0.0168826946423905,"Herb",4,1
"Eigentropy_mean",0.0144653776285975,"Herb",4,1
"Omnivariance_mean",0.0143250936544196,"Herb",4,1
"eSum_mean",0.0126383768910941,"Herb",4,1
"eSmallest_sd",0.012263922565836,"Herb",4,1
"eSmallest_mean",0.0120984989856449,"Herb",4,1
"Curvature_mean",0.011421475194145,"Herb",4,1
"Anisotropy_mean",0.0114189044930853,"Herb",4,1
"Sphericity_mean",0.0101305078002661,"Herb",4,1
"Sphericity_sd",0.0100175101903085,"Herb",4,1
"Omnivariance_mean",0.0317677613723286,"Herb",4,2
"imean",0.0284329689119533,"Herb",4,2
"Eigentropy_mean",0.027415919738691,"Herb",4,2
"eSmallest_mean",0.0193756224697851,"Herb",4,2
"eSum_mean",0.0161634637220484,"Herb",4,2
"Anisotropy_mean",0.012574834874568,"Herb",4,2
"eSmallest_sd",0.0122351618177028,"Herb",4,2
"Percent_EmptySpace_RelZ1.05_2.00",0.0104993286797307,"Herb",4,2
"iskew",0.0101295139696647,"Herb",4,2
"Sphericity_sd",0.0101223831909418,"Herb",4,2
"imean",0.0376210949519729,"Herb",4,3
"eSmallest_sd",0.0215001813988496,"Herb",4,3
"Eigentropy_mean",0.0203892757783478,"Herb",4,3
"Sphericity_sd",0.0189335745905365,"Herb",4,3
"Omnivariance_mean",0.0158147369220038,"Herb",4,3
"eSum_mean",0.0125605086933031,"Herb",4,3
"Anisotropy_mean",0.0117121405519148,"Herb",4,3
"iskew",0.00835997680046275,"Herb",4,3
"Kurt_PropOcc_RelZ0_0.25",0.00601849226118531,"Herb",4,3
"Percent.Below.20th.Quantile",0.00589872081039549,"Herb",4,3
"Omnivariance_mean",0.0103459260791459,"Herb",4,4
"Eigentropy_mean",0.00905604041419972,"Herb",4,4
"eSum_mean",0.00897601558970397,"Herb",4,4
"eSmallest_mean",0.00860893999495376,"Herb",4,4
"Anisotropy_mean",0.00807436432208931,"Herb",4,4
"imean",0.00756662258901852,"Herb",4,4
"eSmallest_sd",0.0075006544685429,"Herb",4,4
"Mean_PropOcc_RelZ1.05_2.00",0.00701072069719682,"Herb",4,4
"SD_PropOcc_RelZ1.05_2.00",0.00693154311120172,"Herb",4,4
"Planarity_sd",0.00683850714487712,"Herb",4,4
"imean",0.015017929525817,"Herb",4,5
"eSmallest_sd",0.0145463631659665,"Herb",4,5
"eSmallest_mean",0.0144155981942219,"Herb",4,5
"Anisotropy_mean",0.0141796097696127,"Herb",4,5
"Omnivariance_mean",0.0137448089195327,"Herb",4,5
"Eigentropy_mean",0.0133054015915981,"Herb",4,5
"eSum_mean",0.0132321201896849,"Herb",4,5
"ChangeCurvature_mean",0.0121876465542976,"Herb",4,5
"Sphericity_sd",0.0120821497514119,"Herb",4,5
"Sphericity_mean",0.0109388736653974,"Herb",4,5
"imean",0.0448390333399815,"Herb",5,1
"Omnivariance_mean",0.0321375518969929,"Herb",5,1
"Eigentropy_mean",0.0240051477396646,"Herb",5,1
"iskew",0.0187060101257372,"Herb",5,1
"eSmallest_mean",0.0116588066077202,"Herb",5,1
"Percent.Below.20th.Quantile",0.00954165099108812,"Herb",5,1
"eSmallest_sd",0.00862080601785246,"Herb",5,1
"Planarity_sd",0.00721210162867991,"Herb",5,1
"eSum_mean",0.0072017199886017,"Herb",5,1
"NormalChangeRate_sd",0.00690219177638318,"Herb",5,1
"Eigentropy_mean",0.042026106780674,"Herb",5,2
"imean",0.0346485229761034,"Herb",5,2
"Omnivariance_mean",0.0254612212251099,"Herb",5,2
"Percent_EmptySpace_RelZ1.05_2.00",0.0152236491622756,"Herb",5,2
"Anisotropy_mean",0.0128907205259433,"Herb",5,2
"eSum_mean",0.0127522839140648,"Herb",5,2
"eSmallest_sd",0.0121961211786075,"Herb",5,2
"Sphericity_sd",0.011050516083467,"Herb",5,2
"PC_Strata_0.25.0.50",0.00867944471407213,"Herb",5,2
"iskew",0.00820507715997085,"Herb",5,2
"imean",0.0443562989831514,"Herb",5,3
"Eigentropy_mean",0.0377319237326701,"Herb",5,3
"Anisotropy_mean",0.0155396999774985,"Herb",5,3
"Omnivariance_mean",0.0134326370150591,"Herb",5,3
"SD_PropOcc_RelZ1.05_2.00",0.0134054852886111,"Herb",5,3
"eSum_mean",0.0120899608336966,"Herb",5,3
"Kurt_PropOcc_RelZ0_0.25",0.00981940689658796,"Herb",5,3
"eSmallest_sd",0.00964886319404825,"Herb",5,3
"PC_Strata_0.25.0.50",0.00900900490698494,"Herb",5,3
"Percent.Below.20th.Quantile",0.00706348852882721,"Herb",5,3
"imean",0.0148560001405309,"Herb",5,4
"Omnivariance_mean",0.0127461277537768,"Herb",5,4
"eSmallest_mean",0.0124163195224185,"Herb",5,4
"Anisotropy_mean",0.0122561449893762,"Herb",5,4
"eSum_mean",0.0108729746690311,"Herb",5,4
"Eigentropy_mean",0.0105729648954905,"Herb",5,4
"Sphericity_sd",0.0105203160053487,"Herb",5,4
"eSmallest_sd",0.0104056353081126,"Herb",5,4
"Sphericity_mean",0.0103357314329606,"Herb",5,4
"ChangeCurvature_mean",0.00960045254756397,"Herb",5,4
"Omnivariance_mean",0.0146290079791765,"Herb",5,5
"Eigentropy_mean",0.01402241759643,"Herb",5,5
"eSmallest_mean",0.0138803094351888,"Herb",5,5
"Anisotropy_mean",0.01386664842325,"Herb",5,5
"eSum_mean",0.0131443025760707,"Herb",5,5
"eSmallest_sd",0.0124584411811615,"Herb",5,5
"Sphericity_sd",0.0121670441664924,"Herb",5,5
"Sphericity_mean",0.0118817699238921,"Herb",5,5
"ChangeCurvature_mean",0.0101087088413156,"Herb",5,5
"Curvature_mean",0.0095296376084185,"Herb",5,5
"Omnivariance_mean",0.0327421451200106,"Herb",6,1
"imean",0.0303025582578864,"Herb",6,1
"Eigentropy_mean",0.0261873295617668,"Herb",6,1
"Anisotropy_mean",0.0168132467847845,"Herb",6,1
"eSum_mean",0.0163410035181203,"Herb",6,1
"eSmallest_mean",0.0131072014565922,"Herb",6,1
"eSmallest_sd",0.0121872627636631,"Herb",6,1
"iskew",0.0113685571565562,"Herb",6,1
"Percent.Below.20th.Quantile",0.00996926512947489,"Herb",6,1
"Sphericity_sd",0.0098317696585899,"Herb",6,1
"eSmallest_mean",0.0141122150899395,"Herb",6,2
"Anisotropy_mean",0.0137624970085534,"Herb",6,2
"Omnivariance_mean",0.0121458670240854,"Herb",6,2
"ChangeCurvature_mean",0.0120304966117614,"Herb",6,2
"eSmallest_sd",0.0115280800458453,"Herb",6,2
"Curvature_mean",0.0112517133788447,"Herb",6,2
"Sphericity_sd",0.0101890406228182,"Herb",6,2
"Eigentropy_mean",0.00998853095798763,"Herb",6,2
"Sphericity_mean",0.00975189679741138,"Herb",6,2
"eSum_mean",0.00850596999405503,"Herb",6,2
"imean",0.0120186904313807,"Herb",6,3
"Omnivariance_mean",0.0110877810086338,"Herb",6,3
"Eigentropy_mean",0.00973660063695872,"Herb",6,3
"eSmallest_mean",0.00905677671856289,"Herb",6,3
"Anisotropy_mean",0.0089244981485247,"Herb",6,3
"eSum_mean",0.00877425503632516,"Herb",6,3
"Percent_EmptySpace_RelZ1.05_2.00",0.00855981502243072,"Herb",6,3
"iskew",0.00835491462756986,"Herb",6,3
"Sphericity_mean",0.0080743330420146,"Herb",6,3
"SD_PropOcc_RelZ1.05_2.00",0.00791817941734197,"Herb",6,3
"Omnivariance_mean",0.0149163378653527,"Herb",6,4
"eSmallest_mean",0.0143886742331026,"Herb",6,4
"imean",0.0138622451463889,"Herb",6,4
"eSmallest_sd",0.0133976018281928,"Herb",6,4
"eSum_mean",0.0133256259226533,"Herb",6,4
"Anisotropy_mean",0.0121668475207303,"Herb",6,4
"Eigentropy_mean",0.0118756998715723,"Herb",6,4
"Sphericity_mean",0.0111943922125037,"Herb",6,4
"Curvature_mean",0.0111501942031864,"Herb",6,4
"ChangeCurvature_mean",0.011108028126228,"Herb",6,4
"imean",0.019097838194837,"Herb",6,5
"Omnivariance_mean",0.01554436470463,"Herb",6,5
"Eigentropy_mean",0.0146311149620279,"Herb",6,5
"Sphericity_sd",0.0130756964614539,"Herb",6,5
"eSum_mean",0.0121114936944452,"Herb",6,5
"eSmallest_sd",0.0120226472161114,"Herb",6,5
"Sphericity_mean",0.0119029390071405,"Herb",6,5
"eSmallest_mean",0.011835516028811,"Herb",6,5
"Anisotropy_mean",0.0116590299777416,"Herb",6,5
"ChangeCurvature_mean",0.0106475005739735,"Herb",6,5
"imean",0.0174837408888738,"Herb",7,1
"eSmallest_sd",0.0154507343716102,"Herb",7,1
"Anisotropy_mean",0.0132828037469876,"Herb",7,1
"Omnivariance_mean",0.0115767397789149,"Herb",7,1
"Eigentropy_mean",0.00998463335312139,"Herb",7,1
"Sphericity_sd",0.00973742756214574,"Herb",7,1
"iskew",0.00868334426990533,"Herb",7,1
"SD_PropOcc_RelZ1.05_2.00",0.00704510231191824,"Herb",7,1
"eSmallest_mean",0.00662176008622254,"Herb",7,1
"Percent.Below.20th.Quantile",0.00624446394405395,"Herb",7,1
"Anisotropy_mean",0.0171317548964341,"Herb",7,2
"Eigentropy_mean",0.0169196323050173,"Herb",7,2
"eSum_mean",0.0160233434478752,"Herb",7,2
"Omnivariance_mean",0.0159338733368524,"Herb",7,2
"eSmallest_mean",0.0146668504946788,"Herb",7,2
"imean",0.0139345176662769,"Herb",7,2
"Sphericity_mean",0.0138698913052434,"Herb",7,2
"Curvature_mean",0.0118942920624022,"Herb",7,2
"ChangeCurvature_mean",0.0118933282472672,"Herb",7,2
"eSmallest_sd",0.011158225255494,"Herb",7,2
"Eigentropy_mean",0.0145653355877363,"Herb",7,3
"imean",0.0139462288466485,"Herb",7,3
"Omnivariance_mean",0.0137165300332507,"Herb",7,3
"eSum_mean",0.0127610109509293,"Herb",7,3
"Sphericity_mean",0.0108858260628781,"Herb",7,3
"eSmallest_mean",0.0107376598968832,"Herb",7,3
"eSmallest_sd",0.0105548598184956,"Herb",7,3
"Percent.Below.20th.Quantile",0.010293454230741,"Herb",7,3
"Sphericity_sd",0.0100025005409749,"Herb",7,3
"Percent_EmptySpace_RelZ1.05_2.00",0.00962724146473532,"Herb",7,3
"Omnivariance_mean",0.0161899990912197,"Herb",7,4
"eSmallest_mean",0.0147657644744053,"Herb",7,4
"Eigentropy_mean",0.0147190789348556,"Herb",7,4
"imean",0.0140039628811239,"Herb",7,4
"Sphericity_mean",0.0130245486604518,"Herb",7,4
"Anisotropy_mean",0.0129352844394259,"Herb",7,4
"eSmallest_sd",0.0125794538484035,"Herb",7,4
"eSum_mean",0.0116119017653032,"Herb",7,4
"Sphericity_sd",0.0104733603557331,"Herb",7,4
"ChangeCurvature_mean",0.0100646676497777,"Herb",7,4
"Eigentropy_mean",0.0153641385888349,"Herb",7,5
"imean",0.0147951712325843,"Herb",7,5
"eSum_mean",0.0139669023154188,"Herb",7,5
"eSmallest_sd",0.0135236168917214,"Herb",7,5
"Omnivariance_mean",0.0133572989248872,"Herb",7,5
"Sphericity_sd",0.0126517716584246,"Herb",7,5
"eSmallest_mean",0.0125711936223984,"Herb",7,5
"Anisotropy_mean",0.0119917533111825,"Herb",7,5
"Sphericity_mean",0.0104422036657568,"Herb",7,5
"ChangeCurvature_mean",0.0103801215500644,"Herb",7,5
"imean",0.0421358099064602,"Herb",8,1
"Omnivariance_mean",0.0351727710943768,"Herb",8,1
"Anisotropy_mean",0.0192404772265035,"Herb",8,1
"Eigentropy_mean",0.0179714801576111,"Herb",8,1
"eSmallest_sd",0.0154584825174379,"Herb",8,1
"Kurt_PropOcc_RelZ0_0.25",0.0118652818373924,"Herb",8,1
"SD_PropOcc_RelZ1.05_2.00",0.0111545931175116,"Herb",8,1
"eSmallest_mean",0.00963699159641021,"Herb",8,1
"Sphericity_sd",0.009272789799179,"Herb",8,1
"Percent.Below.20th.Quantile",0.00812428136858269,"Herb",8,1
"Eigentropy_mean",0.015433286108229,"Herb",8,2
"Anisotropy_mean",0.0140000334408867,"Herb",8,2
"eSum_mean",0.0138759849843547,"Herb",8,2
"Omnivariance_mean",0.0136238852472018,"Herb",8,2
"eSmallest_mean",0.0135488132729855,"Herb",8,2
"eSmallest_sd",0.0123463667263851,"Herb",8,2
"Sphericity_mean",0.0116657855563251,"Herb",8,2
"Sphericity_sd",0.0109333234603974,"Herb",8,2
"imean",0.0106800888430625,"Herb",8,2
"Curvature_mean",0.00986861330007933,"Herb",8,2
"Sphericity_mean",0.0139220094229608,"Herb",8,3
"Eigentropy_mean",0.0137287648261419,"Herb",8,3
"imean",0.0134746308932596,"Herb",8,3
"eSmallest_sd",0.0133928495307143,"Herb",8,3
"Omnivariance_mean",0.0131655266475178,"Herb",8,3
"Anisotropy_mean",0.0124764126422596,"Herb",8,3
"Sphericity_sd",0.0124744152182789,"Herb",8,3
"eSmallest_mean",0.0121294139274135,"Herb",8,3
"Curvature_mean",0.0118431934274704,"Herb",8,3
"eSum_mean",0.0114986169864659,"Herb",8,3
"imean",0.0141133687822441,"Herb",8,4
"Omnivariance_mean",0.0132201818711673,"Herb",8,4
"Eigentropy_mean",0.0107752944719837,"Herb",8,4
"Anisotropy_mean",0.0103280525703405,"Herb",8,4
"eSmallest_mean",0.0102018076559438,"Herb",8,4
"Sphericity_sd",0.00972988992839592,"Herb",8,4
"Curvature_mean",0.00938948155999819,"Herb",8,4
"Sphericity_mean",0.00934234990673725,"Herb",8,4
"ChangeCurvature_mean",0.00927190298121053,"Herb",8,4
"eSum_mean",0.00918978413187816,"Herb",8,4
"Eigentropy_mean",0.0134785165070622,"Herb",8,5
"imean",0.012782050712776,"Herb",8,5
"Omnivariance_mean",0.0127180253920769,"Herb",8,5
"eSmallest_mean",0.0121814458749254,"Herb",8,5
"eSum_mean",0.0114726268535957,"Herb",8,5
"eSmallest_sd",0.0103967895387935,"Herb",8,5
"Sphericity_mean",0.00970924162366167,"Herb",8,5
"Anisotropy_mean",0.00931024980575901,"Herb",8,5
"ChangeCurvature_mean",0.00856257283471669,"Herb",8,5
"Curvature_mean",0.00854441629220488,"Herb",8,5
"Omnivariance_mean",0.0263375258774442,"Herb",9,1
"Eigentropy_mean",0.0248035474280877,"Herb",9,1
"imean",0.015817251659282,"Herb",9,1
"eSum_mean",0.0154702584669178,"Herb",9,1
"eSmallest_sd",0.015034212983308,"Herb",9,1
"eSmallest_mean",0.0134411378616417,"Herb",9,1
"iskew",0.011429903462049,"Herb",9,1
"Anisotropy_mean",0.0104231439783954,"Herb",9,1
"Sphericity_sd",0.00861635480812537,"Herb",9,1
"Kurt_PropOcc_RelZ0_0.25",0.00610687684893702,"Herb",9,1
"Omnivariance_mean",0.0134834896898937,"Herb",9,2
"imean",0.0129906723347899,"Herb",9,2
"eSmallest_sd",0.0119172868678735,"Herb",9,2
"eSmallest_mean",0.0112428282201523,"Herb",9,2
"Eigentropy_mean",0.0107756546395844,"Herb",9,2
"Sphericity_sd",0.010333434621711,"Herb",9,2
"Sphericity_mean",0.0100409981743165,"Herb",9,2
"Curvature_mean",0.00996574498343914,"Herb",9,2
"ChangeCurvature_mean",0.00992738603048788,"Herb",9,2
"eSum_mean",0.0094661015122465,"Herb",9,2
"imean",0.0149295678782748,"Herb",9,3
"Omnivariance_mean",0.0125285956683928,"Herb",9,3
"Eigentropy_mean",0.0111689874278351,"Herb",9,3
"eSum_mean",0.0107435122887825,"Herb",9,3
"Sphericity_mean",0.0100613822415857,"Herb",9,3
"Anisotropy_mean",0.00997772045974692,"Herb",9,3
"eSmallest_mean",0.00992632703012118,"Herb",9,3
"NormalChangeRate_sd",0.00935168415656581,"Herb",9,3
"eSmallest_sd",0.00910892152652595,"Herb",9,3
"Sphericity_sd",0.00903345786808752,"Herb",9,3
"imean",0.0377955895484429,"Herb",9,4
"Eigentropy_mean",0.0264577573260246,"Herb",9,4
"Anisotropy_mean",0.0262607400515941,"Herb",9,4
"Omnivariance_mean",0.0221878447350443,"Herb",9,4
"eSmallest_sd",0.0209299131525444,"Herb",9,4
"eSum_mean",0.0179058965618532,"Herb",9,4
"Percent.Below.20th.Quantile",0.0147771633316293,"Herb",9,4
"Kurt_PropOcc_RelZ0_0.25",0.012282275698079,"Herb",9,4
"PC_Strata_0.25.0.50",0.00808665817152401,"Herb",9,4
"Sphericity_sd",0.00738590359169666,"Herb",9,4
"Eigentropy_mean",0.0152533728659375,"Herb",9,5
"Omnivariance_mean",0.0150915309507644,"Herb",9,5
"eSmallest_mean",0.0147003868014868,"Herb",9,5
"eSum_mean",0.0142785759904331,"Herb",9,5
"imean",0.0139020655173003,"Herb",9,5
"Sphericity_mean",0.0134681029647321,"Herb",9,5
"Sphericity_sd",0.0133719225567001,"Herb",9,5
"Anisotropy_mean",0.0132596778161368,"Herb",9,5
"eSmallest_sd",0.0131484341419854,"Herb",9,5
"Curvature_mean",0.0101629799016985,"Herb",9,5
"Eigentropy_mean",0.0165020881042749,"Herb",10,1
"imean",0.0155520025609422,"Herb",10,1
"Omnivariance_mean",0.0153048622822087,"Herb",10,1
"eSmallest_mean",0.0136671405815745,"Herb",10,1
"Sphericity_mean",0.0130433123817214,"Herb",10,1
"eSmallest_sd",0.0124091078605134,"Herb",10,1
"eSum_mean",0.0121318726378274,"Herb",10,1
"Curvature_mean",0.0119216122895538,"Herb",10,1
"Anisotropy_mean",0.0108530164384366,"Herb",10,1
"ChangeCurvature_mean",0.0100628398639395,"Herb",10,1
"imean",0.0159274627508013,"Herb",10,2
"Eigentropy_mean",0.0130015936120753,"Herb",10,2
"Omnivariance_mean",0.0121715649856155,"Herb",10,2
"Sphericity_sd",0.0118368865152841,"Herb",10,2
"eSum_mean",0.0116059364967755,"Herb",10,2
"eSmallest_sd",0.0106798299888248,"Herb",10,2
"eSmallest_mean",0.0106303104642601,"Herb",10,2
"Anisotropy_mean",0.0106185721105436,"Herb",10,2
"Sphericity_mean",0.00947993122484592,"Herb",10,2
"ChangeCurvature_mean",0.00880497807050925,"Herb",10,2
"imean",0.010947068542778,"Herb",10,3
"eSmallest_sd",0.010000750782386,"Herb",10,3
"eSmallest_mean",0.00992196682702091,"Herb",10,3
"Planarity_sd",0.00970550370549616,"Herb",10,3
"Sphericity_sd",0.00917557087216911,"Herb",10,3
"Percent.Below.20th.Quantile",0.00909044202347141,"Herb",10,3
"Curvature_mean",0.00877358250484025,"Herb",10,3
"Eigentropy_mean",0.00868042845216224,"Herb",10,3
"Sphericity_mean",0.0085785848158027,"Herb",10,3
"Omnivariance_mean",0.00856615045376507,"Herb",10,3
"Omnivariance_mean",0.0149391807394274,"Herb",10,4
"eSum_mean",0.0136410109391183,"Herb",10,4
"Eigentropy_mean",0.0136105776491487,"Herb",10,4
"Anisotropy_mean",0.0117242137608515,"Herb",10,4
"eSmallest_sd",0.0112694480462913,"Herb",10,4
"eSmallest_mean",0.0112199448008887,"Herb",10,4
"Curvature_mean",0.010524011213456,"Herb",10,4
"Sphericity_mean",0.00988283121196612,"Herb",10,4
"Sphericity_sd",0.00914715975102034,"Herb",10,4
"ChangeCurvature_mean",0.00870431820357799,"Herb",10,4
"imean",0.0476745029519493,"Herb",10,5
"Eigentropy_mean",0.0419167172059354,"Herb",10,5
"Omnivariance_mean",0.0364163234411907,"Herb",10,5
"eSmallest_mean",0.0148042004749625,"Herb",10,5
"Anisotropy_mean",0.0124899526746028,"Herb",10,5
"eSmallest_sd",0.0112869642069785,"Herb",10,5
"Kurt_PropOcc_RelZ0_0.25",0.011017821963219,"Herb",10,5
"eSum_mean",0.0105552743521783,"Herb",10,5
"PC_Strata_0.25.0.50",0.00948290379234352,"Herb",10,5
"iskew",0.00861235574868004,"Herb",10,5
"zmean",9.23881359087451,"Shrub",1,1
"zq55",7.43779531243791,"Shrub",1,1
"Total_PAD_RelZ1.05_2.00",7.13910724852313,"Shrub",1,1
"zq70",6.92429132996915,"Shrub",1,1
"zq65",6.71476467273534,"Shrub",1,1
"zq75",6.6921576308741,"Shrub",1,1
"mean_vox_ht",6.60752002317823,"Shrub",1,1
"zq60",6.51987619349327,"Shrub",1,1
"PC_Strata_1.00.2.00",6.51470306630125,"Shrub",1,1
"zq45",6.48174525237821,"Shrub",1,1
"Total_PAD_RelZ1.05_2.00",6.07760881808371,"Shrub",1,2
"zq45",5.09020435715783,"Shrub",1,2
"zq50",4.97587377861931,"Shrub",1,2
"zmean",4.26749485375403,"Shrub",1,2
"pzabovezmean",4.23025054445014,"Shrub",1,2
"zq55",4.10522494436794,"Shrub",1,2
"zq75",3.84506238026829,"Shrub",1,2
"zq65",3.73627355178608,"Shrub",1,2
"zq40",3.39186543418878,"Shrub",1,2
"PC_Strata_1.00.2.00",3.11059039505025,"Shrub",1,2
"mean_vox_ht",8.6095270635835,"Shrub",1,3
"zq65",8.21583736211222,"Shrub",1,3
"PC_Strata_1.00.2.00",7.8549767793651,"Shrub",1,3
"zmean",7.69953443212401,"Shrub",1,3
"zq70",7.54625175015555,"Shrub",1,3
"zq60",7.06896399522958,"Shrub",1,3
"zq75",6.89928553683247,"Shrub",1,3
"n",6.50499993220872,"Shrub",1,3
"zq55",6.1421096365121,"Shrub",1,3
"zq45",6.03401720228745,"Shrub",1,3
"zq60",8.13228563907028,"Shrub",1,4
"zq50",7.75318111614899,"Shrub",1,4
"zq55",7.55174784047036,"Shrub",1,4
"Total_PAD_RelZ1.05_2.00",7.45996902314572,"Shrub",1,4
"zq45",7.36056969927256,"Shrub",1,4
"zmean",7.2832253415619,"Shrub",1,4
"zq65",6.83240453297786,"Shrub",1,4
"PC_Strata_0.00.0.25",6.4345913021723,"Shrub",1,4
"mean_vox_ht",6.30704095689452,"Shrub",1,4
"zq70",6.16502455160355,"Shrub",1,4
"Alpha_Vol_m3",4.42896175172004,"Shrub",1,5
"zq75",4.35867763688821,"Shrub",1,5
"mean_vox_ht",4.24540057488017,"Shrub",1,5
"n",4.24251740496245,"Shrub",1,5
"zq65",3.79287949976002,"Shrub",1,5
"vn",3.78292330931886,"Shrub",1,5
"zq55",3.32796838487914,"Shrub",1,5
"zq50",3.22949546660523,"Shrub",1,5
"zq70",3.21973073612594,"Shrub",1,5
"PC_Strata_1.00.2.00",3.18950002931035,"Shrub",1,5
"zmean",8.64632311144245,"Shrub",2,1
"zq65",7.20091337944133,"Shrub",2,1
"Total_PAD_RelZ1.05_2.00",7.13917637781969,"Shrub",2,1
"zq60",7.13859215043568,"Shrub",2,1
"mean_vox_ht",6.80411868438934,"Shrub",2,1
"zq70",6.44502426817499,"Shrub",2,1
"zq50",6.35452457796195,"Shrub",2,1
"zq45",6.22688176055448,"Shrub",2,1
"zq75",6.20893975919807,"Shrub",2,1
"vn",5.99682604502399,"Shrub",2,1
"zmean",10.4813800289408,"Shrub",2,2
"zq65",10.3122737478715,"Shrub",2,2
"zq60",10.1115803097179,"Shrub",2,2
"zq70",9.98762200932751,"Shrub",2,2
"zq75",9.04451309964545,"Shrub",2,2
"mean_vox_ht",8.28227282004429,"Shrub",2,2
"PC_Strata_1.00.2.00",7.14155548552272,"Shrub",2,2
"zq50",6.91261568094711,"Shrub",2,2
"Total_PAD_RelZ1.05_2.00",6.60548601777589,"Shrub",2,2
"zq55",6.47239863965673,"Shrub",2,2
"PC_Strata_1.00.2.00",6.70132068774679,"Shrub",2,3
"mean_vox_ht",6.01262718246332,"Shrub",2,3
"zq70",5.49157482760529,"Shrub",2,3
"zq75",5.22911963110575,"Shrub",2,3
"Skew_PropOcc_FullROI",5.16525864072528,"Shrub",2,3
"zq60",5.10995997878516,"Shrub",2,3
"zmean",5.08748806122924,"Shrub",2,3
"zq65",5.05853386750805,"Shrub",2,3
"Kurt_PropOcc_FullROI",5.0070201959241,"Shrub",2,3
"zq50",4.61925019737158,"Shrub",2,3
"n",5.95072573173034,"Shrub",2,4
"Alpha_Vol_m3",5.28830080578114,"Shrub",2,4
"vn",5.21426849188583,"Shrub",2,4
"zq60",5.03152143166545,"Shrub",2,4
"zq65",4.94950357477431,"Shrub",2,4
"itot",4.94682713918407,"Shrub",2,4
"zq45",4.77814773836632,"Shrub",2,4
"zmean",4.69015498625741,"Shrub",2,4
"zq50",4.61254597755903,"Shrub",2,4
"zpcum3",4.52451325112404,"Shrub",2,4
"Total_PAD_RelZ1.05_2.00",52.2698290159978,"Shrub",2,5
"zpcum3",2.8275098372208,"Shrub",2,5
"pzabovezmean",2.31640381182305,"Shrub",2,5
"zmean",1.93124471733367,"Shrub",2,5
"zq45",1.92142259216801,"Shrub",2,5
"zpcum2",1.90257986476616,"Shrub",2,5
"zq50",1.84551867447553,"Shrub",2,5
"mean_vox_ht",1.72873981281787,"Shrub",2,5
"PC_Strata_0.00.0.25",1.5903896009926,"Shrub",2,5
"zskew",1.46618124038892,"Shrub",2,5
"Total_PAD_RelZ1.05_2.00",9.40294310636391,"Shrub",3,1
"zq75",8.87209273624787,"Shrub",3,1
"zq55",8.08218528219263,"Shrub",3,1
"mean_vox_ht",7.71381125157871,"Shrub",3,1
"zq65",6.84118437027165,"Shrub",3,1
"zq60",6.55545157464147,"Shrub",3,1
"Alpha_Vol_m3",6.33838094460814,"Shrub",3,1
"zmean",6.28623724766926,"Shrub",3,1
"vn",6.27308719452898,"Shrub",3,1
"itot",5.81125226151567,"Shrub",3,1
"zq70",9.59883474566185,"Shrub",3,2
"PC_Strata_1.00.2.00",9.05520141454599,"Shrub",3,2
"zq75",8.37990304623554,"Shrub",3,2
"zmean",8.05540012721894,"Shrub",3,2
"zq65",7.9342840480597,"Shrub",3,2
"mean_vox_ht",5.82584573259208,"Shrub",3,2
"zq60",5.41946132853683,"Shrub",3,2
"zq50",5.13913803509851,"Shrub",3,2
"zq55",5.13459864010655,"Shrub",3,2
"Total_PAD_RelZ1.05_2.00",4.38827532543714,"Shrub",3,2
"zmean",9.1394574418017,"Shrub",3,3
"zq60",7.74878376417773,"Shrub",3,3
"zq50",7.26468224655628,"Shrub",3,3
"Alpha_Vol_m3",7.03120092235938,"Shrub",3,3
"mean_vox_ht",6.97692616741522,"Shrub",3,3
"zq75",6.93809347259138,"Shrub",3,3
"zq45",6.6976753518206,"Shrub",3,3
"zq65",6.38452440503247,"Shrub",3,3
"PC_Strata_1.00.2.00",6.05999410184138,"Shrub",3,3
"zq55",5.89418871484034,"Shrub",3,3
"Alpha_Vol_m3",6.14823045182808,"Shrub",3,4
"itot",5.90434334752334,"Shrub",3,4
"n",5.86229235932653,"Shrub",3,4
"vn",5.60212210212461,"Shrub",3,4
"zq60",4.0362707040278,"Shrub",3,4
"Total_PAD_RelZ1.05_2.00",3.68389963741538,"Shrub",3,4
"zskew",3.36077840181938,"Shrub",3,4
"zq75",3.21569711741473,"Shrub",3,4
"zq55",3.15689825559058,"Shrub",3,4
"mean_vox_ht",3.13501279780073,"Shrub",3,4
"Total_PAD_RelZ1.05_2.00",6.35136169235337,"Shrub",3,5
"zq50",5.23472638568561,"Shrub",3,5
"zq45",5.11936026089588,"Shrub",3,5
"zmean",4.25851574936695,"Shrub",3,5
"zpcum3",4.05154499918346,"Shrub",3,5
"zq55",4.03415165917612,"Shrub",3,5
"pzabovezmean",3.87552733493762,"Shrub",3,5
"zq40",3.75264179459833,"Shrub",3,5
"zskew",3.677154977593,"Shrub",3,5
"zq65",3.63831493309304,"Shrub",3,5
"zmean",9.75582335094795,"Shrub",4,1
"zq70",9.04136387954793,"Shrub",4,1
"zq65",8.36085277628978,"Shrub",4,1
"Total_PAD_RelZ1.05_2.00",8.23127106896743,"Shrub",4,1
"zq75",7.87729827902316,"Shrub",4,1
"mean_vox_ht",7.79688885153712,"Shrub",4,1
"zq60",7.40689403135513,"Shrub",4,1
"zq45",7.34056817337293,"Shrub",4,1
"PC_Strata_1.00.2.00",7.28252780397574,"Shrub",4,1
"Alpha_Vol_m3",6.37256715534404,"Shrub",4,1
"Total_PAD_RelZ1.05_2.00",6.13014517558874,"Shrub",4,2
"zq45",5.70724459930571,"Shrub",4,2
"zq50",4.91469859778818,"Shrub",4,2
"zmean",4.52901011154257,"Shrub",4,2
"zq75",4.0445323915967,"Shrub",4,2
"zq55",3.66821463916002,"Shrub",4,2
"zq60",3.57577652362798,"Shrub",4,2
"zq40",3.52742217139292,"Shrub",4,2
"zq65",3.51794519190844,"Shrub",4,2
"zpcum2",3.49885406638717,"Shrub",4,2
"zq65",8.85419450916531,"Shrub",4,3
"zmean",8.74003525964657,"Shrub",4,3
"Alpha_Vol_m3",8.17885018180028,"Shrub",4,3
"mean_vox_ht",7.42793557125175,"Shrub",4,3
"zq70",7.24898933137843,"Shrub",4,3
"zq60",7.15863409237158,"Shrub",4,3
"zq50",6.89991510285278,"Shrub",4,3
"Total_PAD_RelZ1.05_2.00",6.69849398916411,"Shrub",4,3
"zq55",6.5635039494822,"Shrub",4,3
"zq75",6.5134248120682,"Shrub",4,3
"itot",4.52245275849226,"Shrub",4,4
"vn",4.44885301772899,"Shrub",4,4
"n",4.30303104160532,"Shrub",4,4
"mean_vox_ht",3.61033133732215,"Shrub",4,4
"Alpha_Vol_m3",3.44744760814621,"Shrub",4,4
"zq75",3.34228467982167,"Shrub",4,4
"zq70",2.56584969549525,"Shrub",4,4
"zpcum3",2.43526500301874,"Shrub",4,4
"zskew",2.40369654551042,"Shrub",4,4
"zmean",2.32992639790535,"Shrub",4,4
"zmean",9.23308291820902,"Shrub",4,5
"zq55",8.10944745967556,"Shrub",4,5
"zq45",7.56017240209086,"Shrub",4,5
"zq50",7.29404455185316,"Shrub",4,5
"mean_vox_ht",7.09331312377965,"Shrub",4,5
"PC_Strata_1.00.2.00",7.04607438995702,"Shrub",4,5
"Total_PAD_RelZ1.05_2.00",6.86477723658419,"Shrub",4,5
"zq70",6.71492406796156,"Shrub",4,5
"zq60",6.59619171493165,"Shrub",4,5
"zq75",6.43409986120512,"Shrub",4,5
"mean_vox_ht",8.69073297521907,"Shrub",5,1
"zq75",7.40869570676706,"Shrub",5,1
"zmean",7.00456762832546,"Shrub",5,1
"zq60",6.53001083838499,"Shrub",5,1
"PC_Strata_1.00.2.00",6.37376292994318,"Shrub",5,1
"zq50",6.37123503575639,"Shrub",5,1
"zq65",6.29366447096946,"Shrub",5,1
"zq70",6.02561483935862,"Shrub",5,1
"zq55",5.86712537817834,"Shrub",5,1
"Skew_PropOcc_FullROI",5.21962336567943,"Shrub",5,1
"zq60",8.07241938732916,"Shrub",5,2
"PC_Strata_1.00.2.00",7.56459890614255,"Shrub",5,2
"zq65",7.53868215736031,"Shrub",5,2
"zmean",7.23911646095215,"Shrub",5,2
"Total_PAD_RelZ1.05_2.00",7.1852314698016,"Shrub",5,2
"zq75",6.82561157031458,"Shrub",5,2
"mean_vox_ht",6.78589970944596,"Shrub",5,2
"zq70",6.70626880234968,"Shrub",5,2
"zq55",6.16604587102036,"Shrub",5,2
"zq50",6.12153158745752,"Shrub",5,2
"Alpha_Vol_m3",6.92739766955553,"Shrub",5,3
"n",6.52218544988674,"Shrub",5,3
"itot",6.03396430415781,"Shrub",5,3
"vn",5.25262848513077,"Shrub",5,3
"zq55",4.04533419028731,"Shrub",5,3
"zq50",3.93976331006375,"Shrub",5,3
"zpcum3",3.79515209155507,"Shrub",5,3
"zmean",3.50714417448723,"Shrub",5,3
"mean_vox_ht",3.39659825459746,"Shrub",5,3
"zq70",3.3043980670528,"Shrub",5,3
"Total_PAD_RelZ1.05_2.00",6.16483275742917,"Shrub",5,4
"zq55",5.54688823178787,"Shrub",5,4
"zmean",4.93399116737487,"Shrub",5,4
"zq50",4.8803123838083,"Shrub",5,4
"zq45",4.68332206852941,"Shrub",5,4
"zq65",3.84373132999825,"Shrub",5,4
"zpcum3",3.7964685825918,"Shrub",5,4
"mean_vox_ht",3.76605186489357,"Shrub",5,4
"pzabovezmean",3.49982959816493,"Shrub",5,4
"zq70",3.33988402533749,"Shrub",5,4
"Total_PAD_RelZ1.05_2.00",9.41640954573563,"Shrub",5,5
"zq60",8.55367430128695,"Shrub",5,5
"Alpha_Vol_m3",8.09690247343702,"Shrub",5,5
"zmean",7.99442347270433,"Shrub",5,5
"n",7.34772951273177,"Shrub",5,5
"zq65",7.32239693293563,"Shrub",5,5
"zq75",7.17010968209738,"Shrub",5,5
"zq50",6.92705469027985,"Shrub",5,5
"itot",6.77901599049726,"Shrub",5,5
"mean_vox_ht",6.6945011841764,"Shrub",5,5
"Alpha_Vol_m3",15.0404927755754,"Shrub",6,1
"vn",14.5191760048926,"Shrub",6,1
"n",13.0856657670887,"Shrub",6,1
"mean_vox_ht",12.7903982954321,"Shrub",6,1
"itot",12.5221648560806,"Shrub",6,1
"zmean",4.04305203182372,"Shrub",6,1
"zq45",2.97909140328192,"Shrub",6,1
"Total_PAD_RelZ1.05_2.00",2.94531542934695,"Shrub",6,1
"zq55",2.57808769172057,"Shrub",6,1
"zq50",2.46608322748815,"Shrub",6,1
"zmean",8.94803610679026,"Shrub",6,2
"zq75",7.62459611957696,"Shrub",6,2
"zq45",7.53995440208265,"Shrub",6,2
"Total_PAD_RelZ1.05_2.00",7.48683876987179,"Shrub",6,2
"mean_vox_ht",7.17710301728485,"Shrub",6,2
"zq60",6.90125172573332,"Shrub",6,2
"zq65",6.66056562694004,"Shrub",6,2
"zq55",6.65413337429341,"Shrub",6,2
"zq70",6.40193468508056,"Shrub",6,2
"PC_Strata_1.00.2.00",6.13266459121207,"Shrub",6,2
"Total_PAD_RelZ1.05_2.00",29.7997357925337,"Shrub",6,3
"n",3.47027970973555,"Shrub",6,3
"zpcum3",2.50634842201467,"Shrub",6,3
"pzabovezmean",1.95373924959754,"Shrub",6,3
"zskew",1.57236881820416,"Shrub",6,3
"zq50",0.887632667506999,"Shrub",6,3
"Kurt_PropOcc_FullROI",0.677603867989161,"Shrub",6,3
"Skew_PropOcc_FullROI",0.619409543977813,"Shrub",6,3
"itot",0.59967764686547,"Shrub",6,3
"Alpha_Vol_m3",0.496112379312596,"Shrub",6,3
"zq60",9.22808966959987,"Shrub",6,4
"zq65",7.81748269822904,"Shrub",6,4
"Total_PAD_RelZ1.05_2.00",7.35982169454396,"Shrub",6,4
"zq75",7.32983068715342,"Shrub",6,4
"mean_vox_ht",7.32180937742796,"Shrub",6,4
"zmean",7.22907528127936,"Shrub",6,4
"PC_Strata_1.00.2.00",7.07582404231333,"Shrub",6,4
"zq70",6.93657683135561,"Shrub",6,4
"zq45",6.79463023669711,"Shrub",6,4
"zq50",5.94443029696113,"Shrub",6,4
"zq60",8.76511500546238,"Shrub",6,5
"zmean",8.68722302492975,"Shrub",6,5
"zq65",8.00028901470849,"Shrub",6,5
"zq45",6.86814020271799,"Shrub",6,5
"PC_Strata_1.00.2.00",6.75791488451624,"Shrub",6,5
"zq75",6.75366647429226,"Shrub",6,5
"Total_PAD_RelZ1.05_2.00",6.74753207964097,"Shrub",6,5
"mean_vox_ht",6.51821045916182,"Shrub",6,5
"zq55",6.38478628504922,"Shrub",6,5
"zq50",6.34433821826756,"Shrub",6,5
"n",7.75657547174139,"Shrub",7,1
"Total_PAD_RelZ1.05_2.00",7.69596668558029,"Shrub",7,1
"zq65",7.33033184846678,"Shrub",7,1
"zq55",6.88785569264217,"Shrub",7,1
"zq75",6.83492506138185,"Shrub",7,1
"itot",6.58901899813934,"Shrub",7,1
"zmean",6.37548413451167,"Shrub",7,1
"vn",6.25143614383513,"Shrub",7,1
"zq70",6.21584919021866,"Shrub",7,1
"zq60",6.18803903715348,"Shrub",7,1
"Alpha_Vol_m3",4.91112874027049,"Shrub",7,2
"mean_vox_ht",4.84497351399372,"Shrub",7,2
"n",4.30720414691958,"Shrub",7,2
"zq75",4.29385798290738,"Shrub",7,2
"zq70",4.0048824915989,"Shrub",7,2
"zpcum3",3.88476091715089,"Shrub",7,2
"zq50",3.46549259570602,"Shrub",7,2
"pzabovezmean",3.42298608636615,"Shrub",7,2
"zq60",3.3790173291437,"Shrub",7,2
"zq65",3.32336296712886,"Shrub",7,2
"Total_PAD_RelZ1.05_2.00",26.2368374931627,"Shrub",7,3
"Alpha_Vol_m3",18.9911098622728,"Shrub",7,3
"zmean",17.7107028175094,"Shrub",7,3
"mean_vox_ht",8.50213965501828,"Shrub",7,3
"n",6.16269098428935,"Shrub",7,3
"PC_Strata_1.00.2.00",6.03681514639385,"Shrub",7,3
"itot",5.35506599633287,"Shrub",7,3
"Skew_PropOcc_FullROI",5.04834876345097,"Shrub",7,3
"Kurt_PropOcc_FullROI",4.45751765365539,"Shrub",7,3
"zq75",4.4283029988311,"Shrub",7,3
"zq55",8.5436299576754,"Shrub",7,4
"zmean",8.39782404220994,"Shrub",7,4
"zq60",8.39267962452038,"Shrub",7,4
"zq65",7.80854120050984,"Shrub",7,4
"mean_vox_ht",7.74185069381839,"Shrub",7,4
"PC_Strata_1.00.2.00",7.19832532693795,"Shrub",7,4
"zq75",6.56827846507529,"Shrub",7,4
"zq50",6.47189565128947,"Shrub",7,4
"zq45",6.46886797111084,"Shrub",7,4
"zq70",6.44901986051859,"Shrub",7,4
"Total_PAD_RelZ1.05_2.00",7.73154500384302,"Shrub",7,5
"zq50",5.55432226570916,"Shrub",7,5
"zq45",4.61173977725062,"Shrub",7,5
"zq55",4.30400352645151,"Shrub",7,5
"zmean",3.96286615777342,"Shrub",7,5
"zq65",3.60236351024592,"Shrub",7,5
"PC_Strata_1.00.2.00",3.56567913391424,"Shrub",7,5
"zpcum3",3.44568908805072,"Shrub",7,5
"pzabovezmean",3.37991945878217,"Shrub",7,5
"mean_vox_ht",3.25583333314043,"Shrub",7,5
"zmean",10.9102241709675,"Shrub",8,1
"zq60",10.283871200189,"Shrub",8,1
"zq55",9.51615553411478,"Shrub",8,1
"zq65",9.06522087955511,"Shrub",8,1
"mean_vox_ht",8.16233353467038,"Shrub",8,1
"zq75",8.06139385188233,"Shrub",8,1
"zq50",7.64735358434646,"Shrub",8,1
"zq45",7.05773273653372,"Shrub",8,1
"zq70",6.85011573882002,"Shrub",8,1
"Total_PAD_RelZ1.05_2.00",5.45660420796029,"Shrub",8,1
"zq70",8.32375488790295,"Shrub",8,2
"zmean",7.97772051389197,"Shrub",8,2
"zq65",7.27908394907106,"Shrub",8,2
"mean_vox_ht",6.94826282748,"Shrub",8,2
"PC_Strata_1.00.2.00",6.56868895306706,"Shrub",8,2
"zq75",6.31680110037317,"Shrub",8,2
"zq60",5.84316500456937,"Shrub",8,2
"Total_PAD_RelZ1.05_2.00",5.62334166823673,"Shrub",8,2
"zq55",5.34173551973766,"Shrub",8,2
"zq50",4.99251727263656,"Shrub",8,2
"Total_PAD_RelZ1.05_2.00",2.28234599944037,"Shrub",8,3
"Alpha_Vol_m3",2.2294417035786,"Shrub",8,3
"vn",1.92552925018062,"Shrub",8,3
"itot",1.85384909653128,"Shrub",8,3
"zskew",1.71883754808758,"Shrub",8,3
"n",1.57357624469275,"Shrub",8,3
"pzabovezmean",1.5037966952448,"Shrub",8,3
"PC_Strata_0.00.0.25",1.45858071988371,"Shrub",8,3
"zq45",1.40897250420482,"Shrub",8,3
"zq50",1.39830634924434,"Shrub",8,3
"mean_vox_ht",8.21498949141923,"Shrub",8,4
"zmean",7.64768201111363,"Shrub",8,4
"zq55",7.11736707416463,"Shrub",8,4
"zq75",7.02545236090891,"Shrub",8,4
"zq60",7.00726672175725,"Shrub",8,4
"zq70",6.85483316479834,"Shrub",8,4
"vn",6.84851041827443,"Shrub",8,4
"zq65",6.67993552890085,"Shrub",8,4
"n",6.55321110730205,"Shrub",8,4
"itot",6.35672105941066,"Shrub",8,4
"zmean",10.8534420730542,"Shrub",8,5
"PC_Strata_1.00.2.00",7.18584778794088,"Shrub",8,5
"zq55",7.17092993009239,"Shrub",8,5
"zq60",7.09026537595278,"Shrub",8,5
"zq65",7.02639813719598,"Shrub",8,5
"mean_vox_ht",6.92216714472481,"Shrub",8,5
"zq70",6.48240390237564,"Shrub",8,5
"Kurt_PropOcc_FullROI",6.36879872449799,"Shrub",8,5
"zq50",6.35233362767825,"Shrub",8,5
"zq75",6.14060849463211,"Shrub",8,5
"zmean",9.45871694335739,"Shrub",9,1
"zq60",9.32766153128498,"Shrub",9,1
"zq55",8.70068058773447,"Shrub",9,1
"zq65",7.92124627711503,"Shrub",9,1
"zq70",7.80985576637114,"Shrub",9,1
"Total_PAD_RelZ1.05_2.00",7.50361377295359,"Shrub",9,1
"PC_Strata_1.00.2.00",6.7956503153749,"Shrub",9,1
"zq50",6.46986958534876,"Shrub",9,1
"zq45",6.45725447822898,"Shrub",9,1
"mean_vox_ht",6.4026301586684,"Shrub",9,1
"Alpha_Vol_m3",8.22554650261449,"Shrub",9,2
"n",6.57239777387549,"Shrub",9,2
"itot",6.45739514104974,"Shrub",9,2
"vn",5.75076265263076,"Shrub",9,2
"zmean",3.83863757495426,"Shrub",9,2
"zpcum3",3.5965426231618,"Shrub",9,2
"zq65",3.54282362182151,"Shrub",9,2
"Total_PAD_RelZ1.05_2.00",3.29699526070527,"Shrub",9,2
"zq60",3.29016107606853,"Shrub",9,2
"zq55",3.09903566815186,"Shrub",9,2
"zmean",10.8454078842492,"Shrub",9,3
"zq60",7.85593368186663,"Shrub",9,3
"mean_vox_ht",7.73579063257495,"Shrub",9,3
"zq50",7.0267454283225,"Shrub",9,3
"zq65",6.96674447571854,"Shrub",9,3
"zq70",6.90448552664418,"Shrub",9,3
"PC_Strata_1.00.2.00",6.87528291910306,"Shrub",9,3
"zq55",6.48044266359303,"Shrub",9,3
"zq45",6.34563460626798,"Shrub",9,3
"Total_PAD_RelZ1.05_2.00",6.20655718802303,"Shrub",9,3
"mean_vox_ht",9.53593921895939,"Shrub",9,4
"zq65",9.47001812686098,"Shrub",9,4
"zq75",8.39878484787688,"Shrub",9,4
"zmean",8.13658010607243,"Shrub",9,4
"zq55",8.05504363744288,"Shrub",9,4
"Total_PAD_RelZ1.05_2.00",7.16759941828978,"Shrub",9,4
"zq45",6.48507337385523,"Shrub",9,4
"PC_Strata_1.00.2.00",6.39864825537178,"Shrub",9,4
"zq60",6.20526675677933,"Shrub",9,4
"zq70",6.04335031348679,"Shrub",9,4
"zq50",4.223877284765,"Shrub",9,5
"mean_vox_ht",3.47846768060019,"Shrub",9,5
"zq55",3.38142295201651,"Shrub",9,5
"zq70",3.36249622558795,"Shrub",9,5
"zq45",3.24952507127806,"Shrub",9,5
"Total_PAD_RelZ1.05_2.00",3.22961602858287,"Shrub",9,5
"zq60",2.99321213351878,"Shrub",9,5
"zq75",2.87486795108587,"Shrub",9,5
"zmean",2.75750539289893,"Shrub",9,5
"pzabovezmean",2.64304351503415,"Shrub",9,5
"zmean",9.03311530498083,"Shrub",10,1
"zq55",8.66704842060172,"Shrub",10,1
"zq45",7.57329746249727,"Shrub",10,1
"mean_vox_ht",7.22344380396943,"Shrub",10,1
"zq75",6.89664588761068,"Shrub",10,1
"zq60",6.54225984547415,"Shrub",10,1
"Total_PAD_RelZ1.05_2.00",6.46296406523583,"Shrub",10,1
"zq50",6.40569251701696,"Shrub",10,1
"PC_Strata_1.00.2.00",6.14915915516088,"Shrub",10,1
"zq70",6.08416348582434,"Shrub",10,1
"Alpha_Vol_m3",3.38190794245284,"Shrub",10,2
"vn",2.47148689166965,"Shrub",10,2
"Total_PAD_RelZ1.05_2.00",2.34658445688116,"Shrub",10,2
"n",2.11529012260383,"Shrub",10,2
"itot",1.78519650893982,"Shrub",10,2
"zq40",1.55175328028129,"Shrub",10,2
"zskew",1.49728586284251,"Shrub",10,2
"zq45",1.40768008410672,"Shrub",10,2
"zq50",1.34092281819363,"Shrub",10,2
"zpcum3",1.33633098033376,"Shrub",10,2
"zmean",8.36481452935414,"Shrub",10,3
"zq55",8.06094270414456,"Shrub",10,3
"zq60",7.44701287906457,"Shrub",10,3
"zq75",7.33634740138718,"Shrub",10,3
"Total_PAD_RelZ1.05_2.00",6.99498399806239,"Shrub",10,3
"mean_vox_ht",6.86151037461803,"Shrub",10,3
"zq50",6.79727159226898,"Shrub",10,3
"PC_Strata_0.00.0.25",5.79292249012913,"Shrub",10,3
"Alpha_Vol_m3",5.74986899389669,"Shrub",10,3
"itot",5.72738604767431,"Shrub",10,3
"zmean",8.27243084382534,"Shrub",10,4
"mean_vox_ht",7.14038592564654,"Shrub",10,4
"zq65",6.90666563658542,"Shrub",10,4
"zq70",6.48555588365629,"Shrub",10,4
"zq75",6.31176519889969,"Shrub",10,4
"zq60",6.14076622140619,"Shrub",10,4
"PC_Strata_1.00.2.00",5.96755893466234,"Shrub",10,4
"Total_PAD_RelZ1.05_2.00",5.5156314601371,"Shrub",10,4
"zq55",5.3566119425253,"Shrub",10,4
"PC_Strata_0.00.0.25",5.0151070387233,"Shrub",10,4
"zq65",9.17039384228316,"Shrub",10,5
"zq70",8.81210946001316,"Shrub",10,5
"zq60",8.52752375837065,"Shrub",10,5
"zmean",7.64292244178551,"Shrub",10,5
"PC_Strata_1.00.2.00",7.0941711853942,"Shrub",10,5
"Total_PAD_RelZ1.05_2.00",6.99641725109564,"Shrub",10,5
"zq55",6.80316680191189,"Shrub",10,5
"zq50",6.48824867178711,"Shrub",10,5
"mean_vox_ht",6.1774937023824,"Shrub",10,5
"zq45",5.86227779489038,"Shrub",10,5
"Percent.Below.30th.Quantile",229.633237583487,"Large_diam_woody",1,1
"lad_sum",172.098161358636,"Large_diam_woody",1,1
"lad_mean",134.102465871959,"Large_diam_woody",1,1
"zpcum1",77.2446738179074,"Large_diam_woody",1,1
"Percent.Below.10th.Quantile",75.3457661271954,"Large_diam_woody",1,1
"Percent.Below.40th.Quantile",40.7664159557271,"Large_diam_woody",1,1
"imean",36.3191926383471,"Large_diam_woody",1,1
"Percent.Below.30th.Quantile",1461.02495102019,"Large_diam_woody",1,2
"Percent.Below.40th.Quantile",772.723175453577,"Large_diam_woody",1,2
"lad_mean",328.836261149048,"Large_diam_woody",1,2
"lad_sum",203.646743231302,"Large_diam_woody",1,2
"zpcum1",25.9420936333981,"Large_diam_woody",1,2
"imean",23.5051277304694,"Large_diam_woody",1,2
"Percent.Below.10th.Quantile",10.3002983140382,"Large_diam_woody",1,2
"Percent.Below.40th.Quantile",1485.66781347518,"Large_diam_woody",1,3
"Percent.Below.30th.Quantile",667.789262501137,"Large_diam_woody",1,3
"lad_sum",61.6342141160023,"Large_diam_woody",1,3
"imean",24.8921920545442,"Large_diam_woody",1,3
"Percent.Below.10th.Quantile",6.40678147507655,"Large_diam_woody",1,3
"zpcum1",6.17559564138047,"Large_diam_woody",1,3
"lad_mean",5.93515443499666,"Large_diam_woody",1,3
"Percent.Below.30th.Quantile",2517.81705796587,"Large_diam_woody",1,4
"Percent.Below.40th.Quantile",377.682317846502,"Large_diam_woody",1,4
"lad_sum",91.784557990185,"Large_diam_woody",1,4
"lad_mean",30.7690589539502,"Large_diam_woody",1,4
"zpcum1",9.73824130250439,"Large_diam_woody",1,4
"imean",6.29075740074191,"Large_diam_woody",1,4
"Percent.Below.10th.Quantile",5.29523150345391,"Large_diam_woody",1,4
"Percent.Below.30th.Quantile",1688.68567935705,"Large_diam_woody",1,5
"Percent.Below.40th.Quantile",551.684767534051,"Large_diam_woody",1,5
"lad_sum",400.886626422085,"Large_diam_woody",1,5
"lad_mean",117.193257859744,"Large_diam_woody",1,5
"imean",28.9448811573918,"Large_diam_woody",1,5
"zpcum1",16.4620736866978,"Large_diam_woody",1,5
"Percent.Below.10th.Quantile",8.10296253733477,"Large_diam_woody",1,5
"Percent.Below.30th.Quantile",1024.17514612736,"Large_diam_woody",2,1
"Percent.Below.40th.Quantile",800.762802486925,"Large_diam_woody",2,1
"lad_sum",232.368068226758,"Large_diam_woody",2,1
"lad_mean",85.2020500107775,"Large_diam_woody",2,1
"zpcum1",9.23950695425843,"Large_diam_woody",2,1
"imean",7.56151119807946,"Large_diam_woody",2,1
"Percent.Below.10th.Quantile",5.16653570970761,"Large_diam_woody",2,1
"Percent.Below.30th.Quantile",2397.95115847986,"Large_diam_woody",2,2
"Percent.Below.40th.Quantile",388.856768167402,"Large_diam_woody",2,2
"lad_sum",49.7425315516188,"Large_diam_woody",2,2
"lad_mean",26.6804057802673,"Large_diam_woody",2,2
"imean",24.4340154312837,"Large_diam_woody",2,2
"zpcum1",10.7500867607593,"Large_diam_woody",2,2
"Percent.Below.10th.Quantile",9.30984999050317,"Large_diam_woody",2,2
"Percent.Below.30th.Quantile",186.712798055768,"Large_diam_woody",2,3
"lad_sum",160.092178490091,"Large_diam_woody",2,3
"lad_mean",147.994570319524,"Large_diam_woody",2,3
"zpcum1",77.0220053408107,"Large_diam_woody",2,3
"imean",46.8282942924115,"Large_diam_woody",2,3
"Percent.Below.10th.Quantile",45.6982980502288,"Large_diam_woody",2,3
"Percent.Below.40th.Quantile",17.3490962746275,"Large_diam_woody",2,3
"Percent.Below.30th.Quantile",1650.65101380471,"Large_diam_woody",2,4
"Percent.Below.40th.Quantile",642.160593359396,"Large_diam_woody",2,4
"lad_sum",209.428033480798,"Large_diam_woody",2,4
"lad_mean",74.0014107829188,"Large_diam_woody",2,4
"zpcum1",34.1881139002033,"Large_diam_woody",2,4
"imean",27.9160076316761,"Large_diam_woody",2,4
"Percent.Below.10th.Quantile",6.39614705139744,"Large_diam_woody",2,4
"Percent.Below.30th.Quantile",1706.76385112398,"Large_diam_woody",2,5
"Percent.Below.40th.Quantile",755.928888343742,"Large_diam_woody",2,5
"lad_sum",264.275318731564,"Large_diam_woody",2,5
"lad_mean",47.2821220122509,"Large_diam_woody",2,5
"zpcum1",35.3304272168165,"Large_diam_woody",2,5
"imean",31.6216927010101,"Large_diam_woody",2,5
"Percent.Below.10th.Quantile",11.1322481303673,"Large_diam_woody",2,5
"Percent.Below.30th.Quantile",1164.76762003467,"Large_diam_woody",3,1
"Percent.Below.40th.Quantile",794.87635754173,"Large_diam_woody",3,1
"lad_sum",327.117275012977,"Large_diam_woody",3,1
"lad_mean",303.979063018813,"Large_diam_woody",3,1
"zpcum1",99.5189323992749,"Large_diam_woody",3,1
"imean",20.0525681266785,"Large_diam_woody",3,1
"Percent.Below.10th.Quantile",15.724915029476,"Large_diam_woody",3,1
"Percent.Below.40th.Quantile",1182.44545056332,"Large_diam_woody",3,2
"Percent.Below.30th.Quantile",860.628319390417,"Large_diam_woody",3,2
"lad_sum",41.0973862260777,"Large_diam_woody",3,2
"imean",25.7626832622396,"Large_diam_woody",3,2
"lad_mean",18.9072559216314,"Large_diam_woody",3,2
"zpcum1",6.47948637618051,"Large_diam_woody",3,2
"Percent.Below.10th.Quantile",4.70133566133225,"Large_diam_woody",3,2
"Percent.Below.30th.Quantile",690.369427428444,"Large_diam_woody",3,3
"lad_sum",556.932942823146,"Large_diam_woody",3,3
"Percent.Below.40th.Quantile",503.8145141815,"Large_diam_woody",3,3
"lad_mean",436.6206829434,"Large_diam_woody",3,3
"zpcum1",152.699706041953,"Large_diam_woody",3,3
"Percent.Below.10th.Quantile",150.654599773719,"Large_diam_woody",3,3
"imean",60.3506805173313,"Large_diam_woody",3,3
"Percent.Below.30th.Quantile",824.156920147507,"Large_diam_woody",3,4
"Percent.Below.40th.Quantile",594.182973989337,"Large_diam_woody",3,4
"lad_sum",457.386591935689,"Large_diam_woody",3,4
"lad_mean",340.118058881446,"Large_diam_woody",3,4
"zpcum1",152.967359844707,"Large_diam_woody",3,4
"Percent.Below.10th.Quantile",138.288131076089,"Large_diam_woody",3,4
"imean",73.7452467782162,"Large_diam_woody",3,4
"Percent.Below.30th.Quantile",925.272368197258,"Large_diam_woody",3,5
"lad_sum",34.7884297364923,"Large_diam_woody",3,5
"Percent.Below.40th.Quantile",26.6597466983434,"Large_diam_woody",3,5
"imean",20.3989972182944,"Large_diam_woody",3,5
"lad_mean",14.5155483638059,"Large_diam_woody",3,5
"zpcum1",5.42640154767658,"Large_diam_woody",3,5
"Percent.Below.10th.Quantile",3.5953989243207,"Large_diam_woody",3,5
"Percent.Below.30th.Quantile",226.379646772732,"Large_diam_woody",4,1
"lad_sum",166.829506571793,"Large_diam_woody",4,1
"lad_mean",162.198455305232,"Large_diam_woody",4,1
"zpcum1",64.6339303330704,"Large_diam_woody",4,1
"Percent.Below.10th.Quantile",47.7985093645623,"Large_diam_woody",4,1
"imean",41.763716798431,"Large_diam_woody",4,1
"Percent.Below.40th.Quantile",23.1235443034971,"Large_diam_woody",4,1
"Percent.Below.40th.Quantile",1264.61378864401,"Large_diam_woody",4,2
"Percent.Below.30th.Quantile",826.558908019522,"Large_diam_woody",4,2
"lad_sum",34.5102862863002,"Large_diam_woody",4,2
"lad_mean",9.60728445304562,"Large_diam_woody",4,2
"zpcum1",6.75730516641426,"Large_diam_woody",4,2
"imean",5.85020536158487,"Large_diam_woody",4,2
"Percent.Below.10th.Quantile",5.26918659466583,"Large_diam_woody",4,2
"Percent.Below.30th.Quantile",1640.2274018763,"Large_diam_woody",4,3
"Percent.Below.40th.Quantile",696.64695360106,"Large_diam_woody",4,3
"lad_sum",198.204747659972,"Large_diam_woody",4,3
"zpcum1",105.298377999219,"Large_diam_woody",4,3
"lad_mean",55.5348208543128,"Large_diam_woody",4,3
"imean",28.5571746284154,"Large_diam_woody",4,3
"Percent.Below.10th.Quantile",11.3995148712688,"Large_diam_woody",4,3
"Percent.Below.30th.Quantile",766.291110980626,"Large_diam_woody",4,4
"lad_sum",572.04246282782,"Large_diam_woody",4,4
"Percent.Below.40th.Quantile",494.813286809822,"Large_diam_woody",4,4
"lad_mean",365.328355983996,"Large_diam_woody",4,4
"Percent.Below.10th.Quantile",148.350249942022,"Large_diam_woody",4,4
"zpcum1",126.354729740838,"Large_diam_woody",4,4
"imean",93.5991679109439,"Large_diam_woody",4,4
"Percent.Below.30th.Quantile",2354.53742668447,"Large_diam_woody",4,5
"Percent.Below.40th.Quantile",253.979441254482,"Large_diam_woody",4,5
"lad_mean",118.11222657021,"Large_diam_woody",4,5
"lad_sum",117.16631916462,"Large_diam_woody",4,5
"imean",21.9040005999174,"Large_diam_woody",4,5
"zpcum1",11.9727788856539,"Large_diam_woody",4,5
"Percent.Below.10th.Quantile",7.20493229376144,"Large_diam_woody",4,5
"lad_sum",815.567536010777,"Large_diam_woody",5,1
"Percent.Below.30th.Quantile",675.750266265501,"Large_diam_woody",5,1
"lad_mean",454.382584264032,"Large_diam_woody",5,1
"Percent.Below.40th.Quantile",369.798384960353,"Large_diam_woody",5,1
"zpcum1",197.35997251497,"Large_diam_woody",5,1
"Percent.Below.10th.Quantile",136.507493846433,"Large_diam_woody",5,1
"imean",43.8959046355763,"Large_diam_woody",5,1
"Percent.Below.30th.Quantile",221.618369918851,"Large_diam_woody",5,2
"lad_sum",153.231841398518,"Large_diam_woody",5,2
"lad_mean",139.169739523109,"Large_diam_woody",5,2
"zpcum1",78.8363843887671,"Large_diam_woody",5,2
"Percent.Below.10th.Quantile",40.5030168125641,"Large_diam_woody",5,2
"Percent.Below.40th.Quantile",24.3630216118843,"Large_diam_woody",5,2
"imean",23.5600195605645,"Large_diam_woody",5,2
"Percent.Below.30th.Quantile",786.326319608708,"Large_diam_woody",5,3
"Percent.Below.40th.Quantile",594.293688481553,"Large_diam_woody",5,3
"lad_sum",429.158729741243,"Large_diam_woody",5,3
"lad_mean",397.448119597256,"Large_diam_woody",5,3
"zpcum1",195.097368305129,"Large_diam_woody",5,3
"Percent.Below.10th.Quantile",134.573446942915,"Large_diam_woody",5,3
"imean",70.2710900003386,"Large_diam_woody",5,3
"Percent.Below.30th.Quantile",2469.04282678619,"Large_diam_woody",5,4
"Percent.Below.40th.Quantile",321.782069194246,"Large_diam_woody",5,4
"lad_sum",61.4584568987833,"Large_diam_woody",5,4
"lad_mean",39.1079224745811,"Large_diam_woody",5,4
"imean",28.4541170783408,"Large_diam_woody",5,4
"zpcum1",16.2481648496323,"Large_diam_woody",5,4
"Percent.Below.10th.Quantile",7.36750371860552,"Large_diam_woody",5,4
"Percent.Below.30th.Quantile",1095.98083036682,"Large_diam_woody",5,5
"Percent.Below.40th.Quantile",955.201276065955,"Large_diam_woody",5,5
"lad_sum",37.7024029471252,"Large_diam_woody",5,5
"imean",26.6081627172186,"Large_diam_woody",5,5
"lad_mean",19.2910378246267,"Large_diam_woody",5,5
"zpcum1",7.18897618938944,"Large_diam_woody",5,5
"Percent.Below.10th.Quantile",4.82093024653319,"Large_diam_woody",5,5
"Percent.Below.30th.Quantile",1733.16348693644,"Large_diam_woody",6,1
"Percent.Below.40th.Quantile",745.247789513949,"Large_diam_woody",6,1
"lad_sum",212.860952935475,"Large_diam_woody",6,1
"zpcum1",47.0803214714121,"Large_diam_woody",6,1
"lad_mean",45.418385712752,"Large_diam_woody",6,1
"imean",25.6665109282728,"Large_diam_woody",6,1
"Percent.Below.10th.Quantile",8.98593242738044,"Large_diam_woody",6,1
"Percent.Below.30th.Quantile",1140.9207869392,"Large_diam_woody",6,2
"Percent.Below.40th.Quantile",605.909176694325,"Large_diam_woody",6,2
"lad_sum",443.843860059641,"Large_diam_woody",6,2
"lad_mean",214.913951829342,"Large_diam_woody",6,2
"zpcum1",84.2788280083492,"Large_diam_woody",6,2
"Percent.Below.10th.Quantile",29.3284421722168,"Large_diam_woody",6,2
"imean",16.0245264553786,"Large_diam_woody",6,2
"Percent.Below.40th.Quantile",1193.73129451203,"Large_diam_woody",6,3
"Percent.Below.30th.Quantile",792.661299852666,"Large_diam_woody",6,3
"lad_sum",165.899770110543,"Large_diam_woody",6,3
"imean",24.9529120258614,"Large_diam_woody",6,3
"lad_mean",17.9073094510734,"Large_diam_woody",6,3
"zpcum1",12.6315372274959,"Large_diam_woody",6,3
"Percent.Below.10th.Quantile",3.06092810947139,"Large_diam_woody",6,3
"Percent.Below.30th.Quantile",781.147775160584,"Large_diam_woody",6,4
"lad_sum",31.7395937358293,"Large_diam_woody",6,4
"imean",25.7350269956861,"Large_diam_woody",6,4
"Percent.Below.40th.Quantile",19.7934092777249,"Large_diam_woody",6,4
"lad_mean",19.4851569125783,"Large_diam_woody",6,4
"zpcum1",5.44707285357387,"Large_diam_woody",6,4
"Percent.Below.10th.Quantile",3.63138060563628,"Large_diam_woody",6,4
"Percent.Below.30th.Quantile",849.456852205656,"Large_diam_woody",6,5
"Percent.Below.40th.Quantile",566.374454621435,"Large_diam_woody",6,5
"lad_sum",387.414436616621,"Large_diam_woody",6,5
"lad_mean",359.377683785065,"Large_diam_woody",6,5
"zpcum1",157.739950172741,"Large_diam_woody",6,5
"Percent.Below.10th.Quantile",114.452171429455,"Large_diam_woody",6,5
"imean",85.4086015268602,"Large_diam_woody",6,5
"Percent.Below.30th.Quantile",864.041780179617,"Large_diam_woody",7,1
"Percent.Below.40th.Quantile",572.151366964442,"Large_diam_woody",7,1
"lad_sum",408.622810419368,"Large_diam_woody",7,1
"lad_mean",365.525629056332,"Large_diam_woody",7,1
"zpcum1",224.199752464054,"Large_diam_woody",7,1
"Percent.Below.10th.Quantile",146.169603811057,"Large_diam_woody",7,1
"imean",94.6286887596532,"Large_diam_woody",7,1
"Percent.Below.30th.Quantile",782.699427931063,"Large_diam_woody",7,2
"lad_mean",38.7287083461834,"Large_diam_woody",7,2
"lad_sum",38.1889140623084,"Large_diam_woody",7,2
"Percent.Below.40th.Quantile",25.14819241481,"Large_diam_woody",7,2
"imean",24.4153958809677,"Large_diam_woody",7,2
"zpcum1",6.90320660295148,"Large_diam_woody",7,2
"Percent.Below.10th.Quantile",5.97638518367929,"Large_diam_woody",7,2
"Percent.Below.30th.Quantile",972.566252889276,"Large_diam_woody",7,3
"Percent.Below.40th.Quantile",813.136970911964,"Large_diam_woody",7,3
"lad_sum",175.33560037339,"Large_diam_woody",7,3
"lad_mean",69.3821313038907,"Large_diam_woody",7,3
"Percent.Below.10th.Quantile",8.42289564692706,"Large_diam_woody",7,3
"imean",8.2576946796438,"Large_diam_woody",7,3
"zpcum1",6.90398621981357,"Large_diam_woody",7,3
"Percent.Below.30th.Quantile",1586.09298815766,"Large_diam_woody",7,4
"Percent.Below.40th.Quantile",711.049211973305,"Large_diam_woody",7,4
"lad_sum",264.242298142837,"Large_diam_woody",7,4
"zpcum1",83.2237625375856,"Large_diam_woody",7,4
"lad_mean",62.9685123114124,"Large_diam_woody",7,4
"imean",32.5641621565168,"Large_diam_woody",7,4
"Percent.Below.10th.Quantile",6.62975626116802,"Large_diam_woody",7,4
"Percent.Below.30th.Quantile",716.843449032551,"Large_diam_woody",7,5
"Percent.Below.40th.Quantile",547.39941650277,"Large_diam_woody",7,5
"lad_sum",475.185368065812,"Large_diam_woody",7,5
"lad_mean",352.364509660195,"Large_diam_woody",7,5
"Percent.Below.10th.Quantile",164.266912427837,"Large_diam_woody",7,5
"zpcum1",157.463307196194,"Large_diam_woody",7,5
"imean",67.0820839799999,"Large_diam_woody",7,5
"Percent.Below.30th.Quantile",659.254571442487,"Large_diam_woody",8,1
"lad_sum",545.403105350781,"Large_diam_woody",8,1
"Percent.Below.40th.Quantile",488.677661566552,"Large_diam_woody",8,1
"lad_mean",341.937916075406,"Large_diam_woody",8,1
"zpcum1",304.121185795697,"Large_diam_woody",8,1
"Percent.Below.10th.Quantile",166.617316226751,"Large_diam_woody",8,1
"imean",39.2099958616724,"Large_diam_woody",8,1
"Percent.Below.30th.Quantile",844.985079922192,"Large_diam_woody",8,2
"lad_sum",34.882392792196,"Large_diam_woody",8,2
"Percent.Below.40th.Quantile",25.4882961000157,"Large_diam_woody",8,2
"imean",22.8837049684987,"Large_diam_woody",8,2
"zpcum1",8.48262527255642,"Large_diam_woody",8,2
"lad_mean",8.43897840875719,"Large_diam_woody",8,2
"Percent.Below.10th.Quantile",6.86250599251119,"Large_diam_woody",8,2
"Percent.Below.30th.Quantile",1521.05743315809,"Large_diam_woody",8,3
"Percent.Below.40th.Quantile",514.919687840056,"Large_diam_woody",8,3
"lad_mean",295.105636712568,"Large_diam_woody",8,3
"lad_sum",260.167114661518,"Large_diam_woody",8,3
"imean",25.4165779180247,"Large_diam_woody",8,3
"zpcum1",24.6794623846512,"Large_diam_woody",8,3
"Percent.Below.10th.Quantile",8.02148223838686,"Large_diam_woody",8,3
"Percent.Below.30th.Quantile",822.784060152903,"Large_diam_woody",8,4
"Percent.Below.40th.Quantile",617.54396375459,"Large_diam_woody",8,4
"lad_sum",368.022271439196,"Large_diam_woody",8,4
"lad_mean",315.178379518698,"Large_diam_woody",8,4
"zpcum1",197.631910979113,"Large_diam_woody",8,4
"Percent.Below.10th.Quantile",121.33371755778,"Large_diam_woody",8,4
"imean",81.811337131079,"Large_diam_woody",8,4
"Percent.Below.30th.Quantile",865.602752470093,"Large_diam_woody",8,5
"Percent.Below.40th.Quantile",847.936318178939,"Large_diam_woody",8,5
"lad_sum",231.812969521857,"Large_diam_woody",8,5
"lad_mean",103.054178970999,"Large_diam_woody",8,5
"imean",25.786850350981,"Large_diam_woody",8,5
"zpcum1",10.4674197632357,"Large_diam_woody",8,5
"Percent.Below.10th.Quantile",6.36347982768424,"Large_diam_woody",8,5
"Percent.Below.30th.Quantile",1698.92355481865,"Large_diam_woody",9,1
"Percent.Below.40th.Quantile",647.471710546425,"Large_diam_woody",9,1
"lad_sum",204.556628981981,"Large_diam_woody",9,1
"zpcum1",107.004208639012,"Large_diam_woody",9,1
"lad_mean",86.0048333434059,"Large_diam_woody",9,1
"imean",34.5665976215341,"Large_diam_woody",9,1
"Percent.Below.10th.Quantile",11.6852303110271,"Large_diam_woody",9,1
"Percent.Below.30th.Quantile",1725.40220860125,"Large_diam_woody",9,2
"Percent.Below.40th.Quantile",651.903254073154,"Large_diam_woody",9,2
"lad_sum",180.543175306155,"Large_diam_woody",9,2
"lad_mean",74.5859470288679,"Large_diam_woody",9,2
"zpcum1",26.3102396601885,"Large_diam_woody",9,2
"imean",25.9621308394381,"Large_diam_woody",9,2
"Percent.Below.10th.Quantile",11.5348149601616,"Large_diam_woody",9,2
"Percent.Below.30th.Quantile",2300.2096922069,"Large_diam_woody",9,3
"Percent.Below.40th.Quantile",504.67452499978,"Large_diam_woody",9,3
"lad_sum",52.7462478305855,"Large_diam_woody",9,3
"lad_mean",8.58520685445482,"Large_diam_woody",9,3
"imean",7.98607617414135,"Large_diam_woody",9,3
"zpcum1",6.88640728707468,"Large_diam_woody",9,3
"Percent.Below.10th.Quantile",5.80697779563714,"Large_diam_woody",9,3
"Percent.Below.40th.Quantile",904.732292949925,"Large_diam_woody",9,4
"Percent.Below.30th.Quantile",759.247094570547,"Large_diam_woody",9,4
"lad_sum",414.140457156463,"Large_diam_woody",9,4
"lad_mean",86.0677475313433,"Large_diam_woody",9,4
"imean",27.9063037053478,"Large_diam_woody",9,4
"Percent.Below.10th.Quantile",5.22820703255965,"Large_diam_woody",9,4
"zpcum1",4.99521091553644,"Large_diam_woody",9,4
"Percent.Below.30th.Quantile",198.854163449448,"Large_diam_woody",9,5
"lad_mean",185.299313109224,"Large_diam_woody",9,5
"lad_sum",168.054976234068,"Large_diam_woody",9,5
"zpcum1",68.9084803277661,"Large_diam_woody",9,5
"Percent.Below.10th.Quantile",65.4820912009441,"Large_diam_woody",9,5
"imean",28.5377727572068,"Large_diam_woody",9,5
"Percent.Below.40th.Quantile",28.4364529921012,"Large_diam_woody",9,5
"Percent.Below.40th.Quantile",1103.33431829034,"Large_diam_woody",10,1
"Percent.Below.30th.Quantile",976.614949370018,"Large_diam_woody",10,1
"lad_sum",64.5845769080645,"Large_diam_woody",10,1
"lad_mean",28.6611079822997,"Large_diam_woody",10,1
"imean",21.9983286241646,"Large_diam_woody",10,1
"zpcum1",14.7375584769667,"Large_diam_woody",10,1
"Percent.Below.10th.Quantile",3.7727382622437,"Large_diam_woody",10,1
"Percent.Below.30th.Quantile",232.5357337169,"Large_diam_woody",10,2
"lad_sum",147.650570984968,"Large_diam_woody",10,2
"lad_mean",127.553353496385,"Large_diam_woody",10,2
"zpcum1",70.2624629055362,"Large_diam_woody",10,2
"Percent.Below.10th.Quantile",59.0409140276345,"Large_diam_woody",10,2
"imean",56.6392848846931,"Large_diam_woody",10,2
"Percent.Below.40th.Quantile",34.0134094558828,"Large_diam_woody",10,2
"Percent.Below.30th.Quantile",2375.77945941676,"Large_diam_woody",10,3
"Percent.Below.40th.Quantile",437.152213791612,"Large_diam_woody",10,3
"lad_mean",65.1208155146074,"Large_diam_woody",10,3
"lad_sum",41.196002560755,"Large_diam_woody",10,3
"imean",25.1799952725412,"Large_diam_woody",10,3
"Percent.Below.10th.Quantile",6.16987477962405,"Large_diam_woody",10,3
"zpcum1",4.42418823883734,"Large_diam_woody",10,3
"Percent.Below.30th.Quantile",723.968596160077,"Large_diam_woody",10,4
"lad_sum",586.64733122115,"Large_diam_woody",10,4
"lad_mean",465.845777633217,"Large_diam_woody",10,4
"Percent.Below.40th.Quantile",456.745400961123,"Large_diam_woody",10,4
"zpcum1",131.152085935958,"Large_diam_woody",10,4
"Percent.Below.10th.Quantile",98.6425374282802,"Large_diam_woody",10,4
"imean",38.0228141465956,"Large_diam_woody",10,4
"Percent.Below.30th.Quantile",825.177646395169,"Large_diam_woody",10,5
"Percent.Below.40th.Quantile",700.860632840563,"Large_diam_woody",10,5
"lad_sum",448.043877142019,"Large_diam_woody",10,5
"lad_mean",344.562845951821,"Large_diam_woody",10,5
"zpcum1",152.135680292904,"Large_diam_woody",10,5
"Percent.Below.10th.Quantile",134.952529622954,"Large_diam_woody",10,5
"imean",82.4606552640944,"Large_diam_woody",10,5
"Omnivariance_sd",8.51998294373837,"Litter_1h",1,1
"cHull_vol",6.09812716528065,"Litter_1h",1,1
"Planarity_sd",3.7252632660522,"Litter_1h",1,1
"NormalChangeRate_sd",3.69734230531001,"Litter_1h",1,1
"Omnivariance_sd",9.74348984196814,"Litter_1h",1,2
"cHull_vol",5.96924336875476,"Litter_1h",1,2
"Planarity_sd",4.00653469361812,"Litter_1h",1,2
"NormalChangeRate_sd",3.75672703757993,"Litter_1h",1,2
"Omnivariance_sd",5.66925458373205,"Litter_1h",1,3
"cHull_vol",5.06908278168988,"Litter_1h",1,3
"Planarity_sd",4.19681847162703,"Litter_1h",1,3
"NormalChangeRate_sd",4.10479398882115,"Litter_1h",1,3
"Omnivariance_sd",7.18356345427804,"Litter_1h",1,4
"cHull_vol",5.83337995541108,"Litter_1h",1,4
"NormalChangeRate_sd",5.34420204366229,"Litter_1h",1,4
"Planarity_sd",5.05714582705122,"Litter_1h",1,4
"Omnivariance_sd",5.71180246159284,"Litter_1h",1,5
"NormalChangeRate_sd",5.36689546935968,"Litter_1h",1,5
"cHull_vol",5.17970656335192,"Litter_1h",1,5
"Planarity_sd",5.11195371787063,"Litter_1h",1,5
"Omnivariance_sd",10.0907341927057,"Litter_1h",2,1
"cHull_vol",6.16274493987187,"Litter_1h",2,1
"NormalChangeRate_sd",3.89225465571607,"Litter_1h",2,1
"Planarity_sd",3.71380907995332,"Litter_1h",2,1
"Omnivariance_sd",6.18128380172573,"Litter_1h",2,2
"cHull_vol",6.11208943840784,"Litter_1h",2,2
"NormalChangeRate_sd",5.61900796221636,"Litter_1h",2,2
"Planarity_sd",5.30027963265232,"Litter_1h",2,2
"Omnivariance_sd",6.42502713353783,"Litter_1h",2,3
"cHull_vol",5.38705937387863,"Litter_1h",2,3
"Planarity_sd",4.20628125577878,"Litter_1h",2,3
"NormalChangeRate_sd",3.96722508330107,"Litter_1h",2,3
"cHull_vol",6.08443443878151,"Litter_1h",2,4
"Omnivariance_sd",6.00625818174227,"Litter_1h",2,4
"NormalChangeRate_sd",4.72677660187325,"Litter_1h",2,4
"Planarity_sd",4.62837723246185,"Litter_1h",2,4
"Omnivariance_sd",7.64383625537919,"Litter_1h",2,5
"cHull_vol",5.5253978119884,"Litter_1h",2,5
"NormalChangeRate_sd",4.12419041891961,"Litter_1h",2,5
"Planarity_sd",3.91747775576233,"Litter_1h",2,5
"Omnivariance_sd",9.46145356615912,"Litter_1h",3,1
"cHull_vol",5.30774425223494,"Litter_1h",3,1
"Planarity_sd",3.60415205276872,"Litter_1h",3,1
"NormalChangeRate_sd",3.60334935111981,"Litter_1h",3,1
"Omnivariance_sd",5.88897472104696,"Litter_1h",3,2
"NormalChangeRate_sd",4.82695775548998,"Litter_1h",3,2
"cHull_vol",4.78391556449615,"Litter_1h",3,2
"Planarity_sd",4.66431677669364,"Litter_1h",3,2
"Omnivariance_sd",6.59179479870689,"Litter_1h",3,3
"Planarity_sd",5.46888283360622,"Litter_1h",3,3
"NormalChangeRate_sd",5.4484983765117,"Litter_1h",3,3
"cHull_vol",5.28678431528653,"Litter_1h",3,3
"Omnivariance_sd",5.41025212782542,"Litter_1h",3,4
"cHull_vol",5.06824009971669,"Litter_1h",3,4
"NormalChangeRate_sd",4.99324954201569,"Litter_1h",3,4
"Planarity_sd",4.90812388405601,"Litter_1h",3,4
"Omnivariance_sd",6.57227137946661,"Litter_1h",3,5
"Planarity_sd",5.75398020583949,"Litter_1h",3,5
"NormalChangeRate_sd",5.71862965296264,"Litter_1h",3,5
"cHull_vol",4.91866052602045,"Litter_1h",3,5
"Omnivariance_sd",5.82884575997584,"Litter_1h",4,1
"Planarity_sd",5.05962849269399,"Litter_1h",4,1
"NormalChangeRate_sd",4.82751820546879,"Litter_1h",4,1
"cHull_vol",4.699469953973,"Litter_1h",4,1
"cHull_vol",5.84975898818309,"Litter_1h",4,2
"NormalChangeRate_sd",5.20027638473339,"Litter_1h",4,2
"Planarity_sd",5.14021012896377,"Litter_1h",4,2
"Omnivariance_sd",4.91963989194099,"Litter_1h",4,2
"Omnivariance_sd",8.31081491641922,"Litter_1h",4,3
"cHull_vol",5.9954365227728,"Litter_1h",4,3
"Planarity_sd",4.50776577218623,"Litter_1h",4,3
"NormalChangeRate_sd",4.46794432957146,"Litter_1h",4,3
"Omnivariance_sd",6.97306609019461,"Litter_1h",4,4
"Planarity_sd",5.52409454727669,"Litter_1h",4,4
"NormalChangeRate_sd",5.17728626721222,"Litter_1h",4,4
"cHull_vol",4.84696050631116,"Litter_1h",4,4
"Omnivariance_sd",8.96605882667918,"Litter_1h",4,5
"cHull_vol",5.99121681948376,"Litter_1h",4,5
"Planarity_sd",3.35697212462558,"Litter_1h",4,5
"NormalChangeRate_sd",3.1769596474442,"Litter_1h",4,5
"Omnivariance_sd",6.3670954559218,"Litter_1h",5,1
"cHull_vol",5.58249662259411,"Litter_1h",5,1
"Planarity_sd",5.21787566342706,"Litter_1h",5,1
"NormalChangeRate_sd",5.17726545492646,"Litter_1h",5,1
"cHull_vol",5.80631849622555,"Litter_1h",5,2
"Planarity_sd",5.79239595049559,"Litter_1h",5,2
"NormalChangeRate_sd",5.72755027869117,"Litter_1h",5,2
"Omnivariance_sd",5.64108180328499,"Litter_1h",5,2
"Omnivariance_sd",6.37121761719974,"Litter_1h",5,3
"cHull_vol",5.14465408404371,"Litter_1h",5,3
"Planarity_sd",4.57792727864975,"Litter_1h",5,3
"NormalChangeRate_sd",4.47939431546909,"Litter_1h",5,3
"Omnivariance_sd",7.19514207894866,"Litter_1h",5,4
"cHull_vol",5.06423391379673,"Litter_1h",5,4
"NormalChangeRate_sd",5.02430551961327,"Litter_1h",5,4
"Planarity_sd",4.88941429633932,"Litter_1h",5,4
"Omnivariance_sd",6.77288047045568,"Litter_1h",5,5
"NormalChangeRate_sd",4.76529263102488,"Litter_1h",5,5
"Planarity_sd",4.72593419335788,"Litter_1h",5,5
"cHull_vol",4.22584565292968,"Litter_1h",5,5
"Omnivariance_sd",6.56454364234428,"Litter_1h",6,1
"cHull_vol",5.83171631946893,"Litter_1h",6,1
"NormalChangeRate_sd",4.98878365277831,"Litter_1h",6,1
"Planarity_sd",4.92998984138882,"Litter_1h",6,1
"Omnivariance_sd",6.93367245613342,"Litter_1h",6,2
"Planarity_sd",5.15224596159535,"Litter_1h",6,2
"NormalChangeRate_sd",4.98965097648948,"Litter_1h",6,2
"cHull_vol",4.68746078182696,"Litter_1h",6,2
"Omnivariance_sd",8.38885937087949,"Litter_1h",6,3
"cHull_vol",4.95490016665874,"Litter_1h",6,3
"NormalChangeRate_sd",3.18720385249875,"Litter_1h",6,3
"Planarity_sd",3.08583665249789,"Litter_1h",6,3
"Omnivariance_sd",6.34470304849791,"Litter_1h",6,4
"cHull_vol",5.67649192382881,"Litter_1h",6,4
"Planarity_sd",4.6912518231483,"Litter_1h",6,4
"NormalChangeRate_sd",4.4234728529652,"Litter_1h",6,4
"Omnivariance_sd",7.95268660791731,"Litter_1h",6,5
"cHull_vol",6.81585384385375,"Litter_1h",6,5
"NormalChangeRate_sd",4.91899806980736,"Litter_1h",6,5
"Planarity_sd",4.87581423270529,"Litter_1h",6,5
"Omnivariance_sd",7.40405432064136,"Litter_1h",7,1
"cHull_vol",5.80120425985068,"Litter_1h",7,1
"NormalChangeRate_sd",3.95472888889422,"Litter_1h",7,1
"Planarity_sd",3.93678913551814,"Litter_1h",7,1
"Omnivariance_sd",6.15473034190256,"Litter_1h",7,2
"NormalChangeRate_sd",5.3272040182239,"Litter_1h",7,2
"cHull_vol",5.27001146032178,"Litter_1h",7,2
"Planarity_sd",5.24399318246429,"Litter_1h",7,2
"Omnivariance_sd",6.8662760175183,"Litter_1h",7,3
"NormalChangeRate_sd",5.01592597200406,"Litter_1h",7,3
"Planarity_sd",5.00288008553028,"Litter_1h",7,3
"cHull_vol",4.46370422153601,"Litter_1h",7,3
"Omnivariance_sd",7.91362060611542,"Litter_1h",7,4
"cHull_vol",6.35799269134481,"Litter_1h",7,4
"NormalChangeRate_sd",3.6535205831978,"Litter_1h",7,4
"Planarity_sd",3.60546927626013,"Litter_1h",7,4
"Omnivariance_sd",6.50050908339415,"Litter_1h",7,5
"Planarity_sd",5.65258261753576,"Litter_1h",7,5
"NormalChangeRate_sd",5.61885097975214,"Litter_1h",7,5
"cHull_vol",5.48693274004207,"Litter_1h",7,5
"Omnivariance_sd",8.21378385901904,"Litter_1h",8,1
"cHull_vol",4.47734428683814,"Litter_1h",8,1
"Planarity_sd",3.95022068541672,"Litter_1h",8,1
"NormalChangeRate_sd",3.88740568368535,"Litter_1h",8,1
"Omnivariance_sd",6.17077472212316,"Litter_1h",8,2
"NormalChangeRate_sd",5.42929220033052,"Litter_1h",8,2
"Planarity_sd",5.41063405584495,"Litter_1h",8,2
"cHull_vol",5.0784145657966,"Litter_1h",8,2
"Omnivariance_sd",6.66784364937382,"Litter_1h",8,3
"cHull_vol",5.52834438079713,"Litter_1h",8,3
"NormalChangeRate_sd",4.92677483299561,"Litter_1h",8,3
"Planarity_sd",4.92039122191262,"Litter_1h",8,3
"cHull_vol",5.80405574189168,"Litter_1h",8,4
"Omnivariance_sd",5.68039044711288,"Litter_1h",8,4
"Planarity_sd",4.99585856298849,"Litter_1h",8,4
"NormalChangeRate_sd",4.9837657174164,"Litter_1h",8,4
"Omnivariance_sd",6.69481955438256,"Litter_1h",8,5
"NormalChangeRate_sd",5.46845508846806,"Litter_1h",8,5
"Planarity_sd",5.46793687243808,"Litter_1h",8,5
"cHull_vol",4.98830741692894,"Litter_1h",8,5
"cHull_vol",6.88891424176439,"Litter_1h",9,1
"Omnivariance_sd",6.32733523264304,"Litter_1h",9,1
"Planarity_sd",4.15501449222466,"Litter_1h",9,1
"NormalChangeRate_sd",3.97109342236243,"Litter_1h",9,1
"Omnivariance_sd",5.54498348466142,"Litter_1h",9,2
"cHull_vol",5.28024377700848,"Litter_1h",9,2
"NormalChangeRate_sd",4.91100066589626,"Litter_1h",9,2
"Planarity_sd",4.80579702133491,"Litter_1h",9,2
"Omnivariance_sd",7.46505691089658,"Litter_1h",9,3
"cHull_vol",5.45991130040222,"Litter_1h",9,3
"Planarity_sd",4.14823265656037,"Litter_1h",9,3
"NormalChangeRate_sd",4.02687508081701,"Litter_1h",9,3
"Omnivariance_sd",7.00779918067786,"Litter_1h",9,4
"NormalChangeRate_sd",5.21311948417965,"Litter_1h",9,4
"Planarity_sd",5.20479901666922,"Litter_1h",9,4
"cHull_vol",4.88937243447171,"Litter_1h",9,4
"Omnivariance_sd",8.44717896810393,"Litter_1h",9,5
"cHull_vol",6.73456724503524,"Litter_1h",9,5
"Planarity_sd",4.41404949613256,"Litter_1h",9,5
"NormalChangeRate_sd",4.37010655326961,"Litter_1h",9,5
"Omnivariance_sd",5.21621063624684,"Litter_1h",10,1
"NormalChangeRate_sd",5.01645650508757,"Litter_1h",10,1
"Planarity_sd",4.96135935329977,"Litter_1h",10,1
"cHull_vol",4.75885478108127,"Litter_1h",10,1
"Omnivariance_sd",6.13582481083829,"Litter_1h",10,2
"cHull_vol",5.6484784071892,"Litter_1h",10,2
"Planarity_sd",5.50638637392037,"Litter_1h",10,2
"NormalChangeRate_sd",5.42179455032229,"Litter_1h",10,2
"cHull_vol",6.15250307711982,"Litter_1h",10,3
"Omnivariance_sd",6.06471469447091,"Litter_1h",10,3
"NormalChangeRate_sd",4.63186566116433,"Litter_1h",10,3
"Planarity_sd",4.55196215060821,"Litter_1h",10,3
"Omnivariance_sd",7.164805019305,"Litter_1h",10,4
"NormalChangeRate_sd",5.13189191125853,"Litter_1h",10,4
"Planarity_sd",5.06907615522604,"Litter_1h",10,4
"cHull_vol",4.14895512672685,"Litter_1h",10,4
"Omnivariance_sd",8.13854700226876,"Litter_1h",10,5
"cHull_vol",6.76769304418991,"Litter_1h",10,5
"NormalChangeRate_sd",4.19800443447025,"Litter_1h",10,5
"Planarity_sd",4.13629001715361,"Litter_1h",10,5
