"RMSE","NRMSE","R2_test","Bias_test","fuelType","model"
8.00647814494811,262.214487711702,0.213152715100145,0.943142242325021,"SF_bio","Random Forest"
2.10532523226048,116.096945675049,-0.00648037741155827,-0.597502004370218,"SF_bio","Random Forest"
5.72437730707436,195.049199631421,0.0238780834929133,0.7044558765679,"SF_bio","Random Forest"
3.45459939382334,178.924033450779,-4.2922406698897,-0.824160164815999,"SF_bio","Random Forest"
1.86455825854115,87.7843029593828,0.140429340683137,-0.406217537770495,"SF_bio","Random Forest"
5.72278384320939,204.873492249778,0.123036427685196,0.431008677888889,"SF_bio","Random Forest"
4.77137551009567,293.514455861753,-13.3149329318069,-1.54200641543077,"SF_bio","Random Forest"
7.71060566418262,215.179978907394,0.194078610277367,1.53293642785832,"SF_bio","Random Forest"
1.7135710290466,106.908213420165,-0.232906519388433,-0.477430665264569,"SF_bio","Random Forest"
1.69947351041455,78.1228629266715,0.352109693487068,0.257594405221813,"SF_bio","Random Forest"
1.63122764093715,101.0058498604,-0.491937353397741,-0.557758099441726,"SF_bio","Random Forest"
5.51995371007625,191.411030763956,0.117961072630356,0.930759162615385,"SF_bio","Random Forest"
2.72076768655858,177.099610076516,-4.3023713779932,-1.19969199825761,"SF_bio","Random Forest"
2.03559020535276,85.9725898903909,0.0441872761525407,0.348410322170667,"SF_bio","Random Forest"
7.79604004958863,230.756249083405,0.217844306499235,1.05270212229341,"SF_bio","Random Forest"
8.1898638422266,230.171032567477,0.100405156694233,1.11811339442361,"SF_bio","Random Forest"
5.19488556245268,153.357025359283,0.277198667211389,1.45127544505554,"SF_bio","Random Forest"
1.57449891489069,132.594916703108,-3.49653680094404,-1.01632554223747,"SF_bio","Random Forest"
2.50271954096834,116.391871432917,-0.282924717755558,-0.415951789952429,"SF_bio","Random Forest"
2.22653808999832,155.400465697762,-2.60296523010804,-1.10255210010206,"SF_bio","Random Forest"
6.53862446115585,413.335547176429,-15.4678542459847,-2.60749735638933,"SF_bio","Random Forest"
8.19709976974087,230.811594148202,0.140831689806827,1.27872568335133,"SF_bio","Random Forest"
2.22924653865221,102.980577892406,-0.225595398822613,0.476286333037682,"SF_bio","Random Forest"
4.64232544778043,228.642835952691,-4.38287999560551,-0.496751409774357,"SF_bio","Random Forest"
5.3730842544777,216.063022370131,0.0998169989862415,0.393689334023808,"SF_bio","Random Forest"
1.60346265442844,86.4558816402166,0.126883556203496,-0.333471329262587,"SF_bio","Random Forest"
1.85628440563196,103.789541442905,-0.840412427465051,-0.436310113216431,"SF_bio","Random Forest"
5.21965668692902,154.324869969497,0.261652076012827,1.23784154651001,"SF_bio","Random Forest"
8.12933591562105,252.547950519293,0.158830922331742,0.404609403094541,"SF_bio","Random Forest"
1.30739249670766,86.4871105444226,-3.10072315904527,-0.215125682538889,"SF_bio","Random Forest"
1.79737749680528,100.276774116841,-0.2137991928299,-0.4681171998449,"SF_bio","Random Forest"
8.24616815517316,209.598175288239,0.233828664168419,1.17377261456793,"SF_bio","Random Forest"
5.52073923653979,196.704411578076,0.082511632399506,0.937002390814815,"SF_bio","Random Forest"
1.58465077059391,95.2871228199941,-0.953995050141588,-0.0551342740373341,"SF_bio","Random Forest"
3.04902425354481,165.289973637921,-0.991580970170692,-1.37822290985825,"SF_bio","Random Forest"
3.04355056745027,160.416385604028,-3.96144168182814,-1.05442489967099,"SF_bio","Random Forest"
8.29047297922088,238.738386526426,0.190236322876234,1.21538330460686,"SF_bio","Random Forest"
2.68442516152393,117.342002199767,-0.134452281938932,0.0290274276573078,"SF_bio","Random Forest"
1.61553450288917,95.6333690220311,-0.474286408935414,-0.451399497989744,"SF_bio","Random Forest"
5.45681838644846,209.784605050962,0.139872936608662,0.902694011025642,"SF_bio","Random Forest"
1.87744550767926,122.167487062511,-4.52457973047958,-0.718100140046809,"SF_bio","Random Forest"
1.79948543684599,86.5833995071401,0.309627406265267,0.33057937385641,"SF_bio","Random Forest"
4.5993460024431,300.1310023781,-10.3579951624749,-1.0194586444,"SF_bio","Random Forest"
4.82955717254147,167.16896779821,0.366831977787354,-0.27873545697262,"SF_bio","Random Forest"
7.97479654714928,205.45175989095,0.20286328563298,1.61145938762461,"SF_bio","Random Forest"
5.45791266409308,187.721247169109,0.120045373593029,0.717009502948716,"SF_bio","Random Forest"
8.28306421983475,202.830550746541,0.182268060915791,1.64167275555612,"SF_bio","Random Forest"
4.53250969098215,300.86341082475,-13.7785350025583,-1.10323720495467,"SF_bio","Random Forest"
2.62752636442486,138.24024248996,-1.09683158537166,-0.744936166423392,"SF_bio","Random Forest"
1.00584797600074,67.952906067644,-0.190831819939449,-0.209544844322731,"SF_bio","Random Forest"
0.0388925590889104,86.8913295105238,0.560566786865843,0.00853774314666665,"Herb","Random Forest"
0.0436390739885817,129.949597272211,0.0487488455048962,-0.0203328195384616,"Herb","Random Forest"
0.0378020731968573,125.369230127641,0.39546687121074,-0.0044138882962963,"Herb","Random Forest"
0.033751547602583,140.313404626942,0.411085609844758,-0.00419355794666668,"Herb","Random Forest"
0.0342699081947196,99.2249264416739,0.177387185654884,0.00888509522666667,"Herb","Random Forest"
0.0390236394568174,108.15364993344,0.468318630149529,0.0027256457222222,"Herb","Random Forest"
0.0284761906486833,111.228435320258,0.504516842576619,-0.0112487055128205,"Herb","Random Forest"
0.0433314115744911,136.747613282286,0.114047814890634,0.00463712314285715,"Herb","Random Forest"
0.0363591935390868,91.3657766240321,0.43969300919372,0.00478214418666669,"Herb","Random Forest"
0.0321344989017705,93.7062558372911,0.564012155147082,-0.00214126970666666,"Herb","Random Forest"
0.0441111274759943,102.659619431351,0.529000210178515,0.00878495169444441,"Herb","Random Forest"
0.0311060883238038,120.307969835014,0.361142394913685,-0.000921114150183157,"Herb","Random Forest"
0.0352436167079796,86.4139979637372,0.449365371627988,-0.0113437615384615,"Herb","Random Forest"
0.0249318285953856,126.624352934471,0.328043831777265,-0.00742851272,"Herb","Random Forest"
0.0413137734672117,109.907370395176,0.246193793820625,0.0083393944197531,"Herb","Random Forest"
0.0356973105232232,120.303982241628,0.36622087672434,0.00376108450088184,"Herb","Random Forest"
0.0255859067051336,172.263187447038,-0.109508912305841,-0.0139955703466667,"Herb","Random Forest"
0.0393521218490874,83.8986654179653,0.427998836029841,0.0127774691884058,"Herb","Random Forest"
0.0440287539802949,91.0249203644715,0.501074862609312,0.00753780466666665,"Herb","Random Forest"
0.0232914442327072,87.509183320962,0.562722085541813,-0.00611858056000001,"Herb","Random Forest"
0.0432510760265069,120.120523091747,0.183175749840448,0.00637933757333335,"Herb","Random Forest"
0.0394846151791152,148.070154424652,0.149475565249485,-0.011069361051282,"Herb","Random Forest"
0.0322256094009275,87.7770033421758,0.602380984657941,0.000643590492753606,"Herb","Random Forest"
0.0267373206262855,76.2081052711492,0.710932302958306,-0.00753164005128207,"Herb","Random Forest"
0.0397050096917349,120.715369980083,0.273298074343405,0.00768384845238093,"Herb","Random Forest"
0.0258325775437028,144.396744235343,-0.0922456221757402,-0.0147304765833333,"Herb","Random Forest"
0.0415500759705402,96.1543516186048,0.385603697755814,0.0107291360246914,"Herb","Random Forest"
0.0399404662924663,119.291215696526,0.552410659366169,0.000452307777777783,"Herb","Random Forest"
0.0406701414521147,111.162659029791,0.272353893858776,0.00986731294871793,"Herb","Random Forest"
0.0231024118662228,67.6399117734529,0.655606867914018,-0.00753492011111113,"Herb","Random Forest"
0.0445293812115757,89.9220137552013,0.523527861027828,0.0103952388275862,"Herb","Random Forest"
0.0435186299215519,193.948319678285,-0.352687208902691,-0.00847004933333333,"Herb","Random Forest"
0.028508371485335,92.0548734816357,0.527804661769978,-0.004014761654321,"Herb","Random Forest"
0.0309436354792304,102.137693026242,0.314190872383366,-0.00445732122666669,"Herb","Random Forest"
0.0356774724657355,118.052630449685,0.343066733383762,-0.00327236583333335,"Herb","Random Forest"
0.031570043047258,171.412361259111,0.219553798781207,-0.0145250276,"Herb","Random Forest"
0.0473152106565531,113.072555040156,0.199707248497574,0.0089779488333333,"Herb","Random Forest"
0.0343449067276418,102.55158825603,0.274759454555329,-0.00454308224691359,"Herb","Random Forest"
0.0310900462212659,87.7601513172487,0.636947516550872,0.00449985625641026,"Herb","Random Forest"
0.0336713555964474,89.2411055563336,0.588239519450742,0.000620632974358931,"Herb","Random Forest"
0.0424372042780125,118.250022637751,0.46083389924149,-0.0014487763076923,"Herb","Random Forest"
0.036453994200092,89.146336456207,0.470602354870917,-0.000798096846153865,"Herb","Random Forest"
0.0295954280013141,93.7157314797787,0.655739830928868,0.000263935948717936,"Herb","Random Forest"
0.0269942075361702,90.7876935072987,0.528452292931802,-0.00432364344444448,"Herb","Random Forest"
0.0326860221337763,114.830366376362,0.175659495705574,-0.00251024217948719,"Herb","Random Forest"
0.0303576861279087,90.5742035396157,0.350151243089663,-0.00476159469597071,"Herb","Random Forest"
0.0359307156961866,93.5812697842089,0.527423772842346,-0.00709865946666667,"Herb","Random Forest"
0.0398056633381733,111.72327818555,0.573762581605845,-0.00241925136000003,"Herb","Random Forest"
0.0365904207518304,113.806516156942,0.445111032059931,0.00749317770238095,"Herb","Random Forest"
0.0329378050778016,121.848961382829,-0.0724146696808705,0.00421104855555553,"Herb","Random Forest"
0.15032225946114,81.6968801419239,0.691221370223853,-0.0671157209702166,"Shrub","Random Forest"
1.37655985250786,259.747877671496,0.239024656584352,0.254178239207459,"Shrub","Random Forest"
1.44377367719624,498.102361390359,-2.74461637573716,-0.572904501397551,"Shrub","Random Forest"
0.690690825245345,207.807061877005,-1.63030260599364,-0.321121449419106,"Shrub","Random Forest"
1.42306277317804,176.136279301699,0.222850402367486,0.407342417679365,"Shrub","Random Forest"
0.485427804681452,171.007575716525,-0.871226221260945,-0.0715894441145175,"Shrub","Random Forest"
1.17566908684944,477.174180415699,-13.6058947001833,-0.516017202000898,"Shrub","Random Forest"
0.838901248446137,161.155382150975,0.486465693859051,0.238610840123582,"Shrub","Random Forest"
1.11223886513194,220.04592771618,0.312350252341946,0.167551675399786,"Shrub","Random Forest"
1.66039196001863,290.643346471973,-0.0394796589904531,0.0115658652000002,"Shrub","Random Forest"
0.777686846773197,337.811383690431,-4.3648352929026,-0.295624248763539,"Shrub","Random Forest"
1.0830625396332,257.524893462872,-0.249187866114469,-0.0529647667378536,"Shrub","Random Forest"
0.200865294777118,72.5774298226327,0.628139201203987,-0.0657168182860402,"Shrub","Random Forest"
1.28103084835882,180.071403881973,0.281820287705978,0.365519962806378,"Shrub","Random Forest"
1.41458003417364,287.776227566971,0.189680661992248,0.0225397784265363,"Shrub","Random Forest"
0.812153716924627,307.564945536425,-5.18326462840499,-0.29046721482085,"Shrub","Random Forest"
1.38076894493834,266.207427627728,0.260681477969121,0.201427418864202,"Shrub","Random Forest"
0.766142533783877,250.450241577824,-2.01452711509923,-0.249441134371884,"Shrub","Random Forest"
1.39440935105045,174.881400384725,0.284901256004684,0.369135844814433,"Shrub","Random Forest"
0.605519527170103,288.096789392149,-1.90731354946832,-0.175382655038651,"Shrub","Random Forest"
0.871809870614135,239.372474128443,0.211941806198583,-0.0196553436378735,"Shrub","Random Forest"
0.668526977417522,263.269760154971,-2.52382676919927,-0.201448149955241,"Shrub","Random Forest"
1.32911264107375,182.64590206115,0.273281569703243,0.384278004199997,"Shrub","Random Forest"
1.42874027336916,239.417460965927,0.196702087895418,0.107058375630835,"Shrub","Random Forest"
0.606369358884006,251.438612905957,-2.09019976161164,-0.180299033124541,"Shrub","Random Forest"
1.63994523053958,271.685788846635,-0.406011003587847,-0.120820800361112,"Shrub","Random Forest"
0.499891210533258,192.610463798448,-1.07965320337009,-0.113788822279835,"Shrub","Random Forest"
1.8356652270019,229.432660857364,0.041491261055316,0.432239339209876,"Shrub","Random Forest"
0.766320084812141,300.255013790585,-2.69482750866464,-0.25839556833756,"Shrub","Random Forest"
0.494403618788824,238.25914932315,-1.92967324526145,-0.128895292698773,"Shrub","Random Forest"
1.05636102662997,259.271385052549,-0.888804841592318,-0.373688298028168,"Shrub","Random Forest"
1.49812950403063,183.85488059966,0.17962650370048,0.404887219842528,"Shrub","Random Forest"
0.259798950067885,101.150309336,0.573603777689942,-0.0627038947160493,"Shrub","Random Forest"
0.69468617566882,849.78149608168,-50.2512581522355,-0.254446900140489,"Shrub","Random Forest"
1.40438125217825,222.078695116584,0.267060133920632,0.234537400253256,"Shrub","Random Forest"
1.02835611577887,302.299773935399,-6.74223370321449,-0.483612740112598,"Shrub","Random Forest"
0.885643568772052,207.601094393074,0.271058935240423,0.0907264587619326,"Shrub","Random Forest"
1.94046893476987,221.991514155155,0.110928768536901,0.577666274277722,"Shrub","Random Forest"
0.8215248804756,304.786002619342,-3.11058594081135,-0.230965088010016,"Shrub","Random Forest"
0.122043763679665,59.1967989909425,0.809695173145591,-0.073762626492259,"Shrub","Random Forest"
0.987259920516723,426.876350096036,-6.7933773673111,-0.423699783329295,"Shrub","Random Forest"
1.26010004569332,206.952712836281,0.277981953341022,0.270655122914889,"Shrub","Random Forest"
0.430856875848218,199.641409539023,-0.573659497074277,-0.185748673382163,"Shrub","Random Forest"
0.889962190985188,349.676708571446,-8.50458098368276,-0.299872836444547,"Shrub","Random Forest"
1.58538883308185,194.902613542187,0.224641213602318,0.477651386818902,"Shrub","Random Forest"
0.888485308640891,306.479927092408,-3.25774389938347,-0.299711272761435,"Shrub","Random Forest"
2.0293515930944,200.540227694225,0.0699704764657154,0.613751971527874,"Shrub","Random Forest"
0.521350724386107,170.89073640943,-0.631884482725784,-0.0466076002315194,"Shrub","Random Forest"
0.774218319269865,200.978585198569,0.324273256037477,-0.0289484033704855,"Shrub","Random Forest"
0.395031003407091,273.73778907012,-1.51823099027175,-0.128546945397006,"Shrub","Random Forest"
7.45564866803088,360.532407473377,0.331581042809254,0.952362317087999,"Large_diam_woody","Random Forest"
1.1835718148733,262.930562609628,-0.814921512625989,-0.480611758328205,"Large_diam_woody","Random Forest"
5.75136960402278,341.450538663303,-0.00174426681004491,1.24208548883951,"Large_diam_woody","Random Forest"
4.79553375804167,687.330695831136,-14.7283407482792,-0.781123280112001,"Large_diam_woody","Random Forest"
1.61244449550509,333.333711401231,-1.74881992238086,-0.295994231701333,"Large_diam_woody","Random Forest"
6.17934503084643,354.978227849314,-0.0121258814988843,0.925966524138889,"Large_diam_woody","Random Forest"
4.39292934630391,834.679176341595,-14.8382286732425,-0.801731659989746,"Large_diam_woody","Random Forest"
7.11750807094482,327.055076587575,0.317442880246676,1.02519475429524,"Large_diam_woody","Random Forest"
1.20112043121989,415.868170619694,-7.62965409249156,-0.388825331717333,"Large_diam_woody","Random Forest"
0.842004059632472,142.233875221369,-0.194522462586773,0.219935655466667,"Large_diam_woody","Random Forest"
1.41487253738159,263.27618343194,-0.951347133425815,-0.21598739295,"Large_diam_woody","Random Forest"
5.8995493757485,399.300831154438,-0.0101617447078599,0.917313809769231,"Large_diam_woody","Random Forest"
3.0865598072344,779.706919553208,-10.1436902038511,-1.12792487337949,"Large_diam_woody","Random Forest"
1.14685373505963,163.570795831284,-0.0799864970004491,0.234254043826667,"Large_diam_woody","Random Forest"
6.23741990973236,284.072118789465,0.493596943222696,0.369129162098763,"Large_diam_woody","Random Forest"
7.35802187784454,327.492843567273,0.296709204433963,1.16048640040494,"Large_diam_woody","Random Forest"
6.17657245370853,331.298790903055,-0.0625988046204202,1.52172993037333,"Large_diam_woody","Random Forest"
1.23379942383237,625.04155759688,-16.5995532671367,-0.691915122828983,"Large_diam_woody","Random Forest"
2.00354833994425,355.283162794009,-4.63086353002126,-0.464659979814285,"Large_diam_woody","Random Forest"
4.17680495262618,965.472729871873,-18.8471445641819,-0.981659321840001,"Large_diam_woody","Random Forest"
5.11547554616071,1212.13825151763,-32.2251021779847,-2.12517775097524,"Large_diam_woody","Random Forest"
7.36688734183098,300.087032378983,0.322273661572892,1.54165160471282,"Large_diam_woody","Random Forest"
0.966317837371384,177.563268840553,-0.187110956587484,0.125705710753623,"Large_diam_woody","Random Forest"
4.52426536656212,909.003724163683,-45.2098527883252,-0.945420706358976,"Large_diam_woody","Random Forest"
5.70608814369829,414.112933721058,-0.0143379073531631,0.771945241857144,"Large_diam_woody","Random Forest"
0.678249199519776,184.180890655333,0.0129656018823957,-0.123425666983334,"Large_diam_woody","Random Forest"
1.35178524578277,208.417760787063,-0.291509232194741,-0.338904565738272,"Large_diam_woody","Random Forest"
5.84559599581294,346.292321370192,-0.0304093304565332,1.22414491207407,"Large_diam_woody","Random Forest"
6.48403818216091,299.551792133389,0.4761411325519,0.214501030564106,"Large_diam_woody","Random Forest"
0.792282807774356,186.225225711459,-0.767753426153432,-0.0575458714444443,"Large_diam_woody","Random Forest"
1.10361589713571,236.929132060049,-0.68265157312455,-0.21757131714023,"Large_diam_woody","Random Forest"
6.71294341982411,295.352374897954,0.498638018943915,0.000986154000002666,"Large_diam_woody","Random Forest"
5.80695813280797,330.642053605052,-0.00748901655275347,1.225711594,"Large_diam_woody","Random Forest"
1.07847917678708,177.691936829599,-0.230450294203791,0.153137959930666,"Large_diam_woody","Random Forest"
1.23753540327674,295.807518262274,-0.814562895082548,-0.564508290944445,"Large_diam_woody","Random Forest"
2.83485912322645,547.398602302482,-6.47648255677488,-0.799088510197332,"Large_diam_woody","Random Forest"
6.82771252408487,310.929085818077,0.459850107660865,-0.15183475691667,"Large_diam_woody","Random Forest"
1.7987035186711,319.570460171769,-4.06067056835766,-0.275395418548149,"Large_diam_woody","Random Forest"
1.18341119262498,191.274306660194,-0.174428605236361,0.0195146104666663,"Large_diam_woody","Random Forest"
5.73592053519321,359.485554415665,0.053815529156086,0.854671569256411,"Large_diam_woody","Random Forest"
1.06060804734843,307.141846150221,-3.92521783221121,-0.361014130512821,"Large_diam_woody","Random Forest"
1.01037577328634,178.590260630155,0.0327691879664227,0.238725954128205,"Large_diam_woody","Random Forest"
4.47984349420241,907.175809222102,-16.3679185393176,-0.975771805374359,"Large_diam_woody","Random Forest"
6.13957686923292,344.016715054566,-0.00700817552786592,0.570426398,"Large_diam_woody","Random Forest"
7.24960879169258,319.160967037117,0.339074212068143,0.998243590189743,"Large_diam_woody","Random Forest"
5.90752183597293,345.463394342586,-0.0129732869064556,1.29286777228205,"Large_diam_woody","Random Forest"
7.47701565779897,338.816603936362,0.325103939888308,1.14398670866667,"Large_diam_woody","Random Forest"
4.49282926363035,973.809376588834,-19.7459201994233,-0.960809732522668,"Large_diam_woody","Random Forest"
3.14894729310163,537.827160731382,-5.82087630520552,-0.846229808147619,"Large_diam_woody","Random Forest"
0.599178309234747,132.434607507864,-0.0290573443351121,-0.0032121011611113,"Large_diam_woody","Random Forest"
0.575822006754227,76.0971964784424,-0.348888123472592,0.0328307246133325,"Litter_1h","Random Forest"
0.412800641985846,51.6173522083928,0.0306654207067599,0.0436567829487175,"Litter_1h","Random Forest"
0.506301614773144,54.4154622633525,0.160340133479242,0.100540482222222,"Litter_1h","Random Forest"
0.445832734211032,54.6342219681375,-0.0946165175662894,-0.00296192258666727,"Litter_1h","Random Forest"
0.486162544626039,60.9364307885846,0.0617464274639983,-0.143928006960001,"Litter_1h","Random Forest"
0.504779106405971,68.9011629244127,-0.547123998318463,-0.09774310675,"Litter_1h","Random Forest"
0.439412809782147,53.1129966673352,-0.164013585150388,0.0189159422820506,"Litter_1h","Random Forest"
0.479629950371993,56.1071948255316,0.204102836341211,0.0553801105238087,"Litter_1h","Random Forest"
0.473219189390617,61.5555264254777,0.110326677006753,-0.0803717881333342,"Litter_1h","Random Forest"
0.556134442468546,60.632347438417,-0.0925344789453943,0.0637613606933327,"Litter_1h","Random Forest"
0.451328934005283,60.8863138021198,0.203306187742358,-0.113533580972223,"Litter_1h","Random Forest"
0.48356499020515,50.3749859578571,0.11872656040994,0.146599721128204,"Litter_1h","Random Forest"
0.599051837758755,72.7988719896183,-0.812092580611307,0.0049502456153845,"Litter_1h","Random Forest"
0.508223434881461,54.3268141541507,0.00088543627751092,0.106159189093334,"Litter_1h","Random Forest"
0.480411353450132,73.5010162513122,-0.613144086306228,-0.193205932493828,"Litter_1h","Random Forest"
0.47697084569356,49.6045446600158,0.0896945343519117,0.170126618049383,"Litter_1h","Random Forest"
0.510481295248883,51.5866946166865,-0.163843866364994,0.186079388719999,"Litter_1h","Random Forest"
0.539187325698383,84.6122200658733,-0.700651080454011,-0.252639234289856,"Litter_1h","Random Forest"
0.442345871743558,59.7274649603107,-0.0825162071216607,-0.0814411759761908,"Litter_1h","Random Forest"
0.539816557421506,70.7157076569618,-0.0994462229357096,0.00799604255999994,"Litter_1h","Random Forest"
0.544146519804747,71.6280838913835,-0.338487452011087,-0.135036331386668,"Litter_1h","Random Forest"
0.426292535837524,52.2475441827787,-0.0534193266802045,0.0509607757948719,"Litter_1h","Random Forest"
0.518088942561428,60.5171549880899,0.109864029638476,0.0517714266086949,"Litter_1h","Random Forest"
0.430119316191353,47.7472871906048,0.112873176134549,0.095936184692307,"Litter_1h","Random Forest"
0.511627710020124,65.5305260737584,0.0281176110938568,-0.00703173916666692,"Litter_1h","Random Forest"
0.482675545108062,55.8070927399772,-0.03080861862205,0.0417598309722213,"Litter_1h","Random Forest"
0.438578957558775,52.3884415086098,0.130985900370829,0.0444329878024681,"Litter_1h","Random Forest"
0.604562092565182,75.1459651857379,-0.116779144039329,-0.0100116015802476,"Litter_1h","Random Forest"
0.518598743306127,68.0095194490029,-0.0525551614776334,-0.0178293044615384,"Litter_1h","Random Forest"
0.42378279070064,50.178135751772,-0.344655182140188,-0.00443417244444524,"Litter_1h","Random Forest"
0.492559384660359,60.2578601247594,0.0299344467074463,-0.0151748180000002,"Litter_1h","Random Forest"
0.440384880890837,53.4360828890685,0.207622049482304,-0.0100775157391318,"Litter_1h","Random Forest"
0.486837870502925,63.8445504650123,-0.0138151975132494,-0.071979952617285,"Litter_1h","Random Forest"
0.507063631845147,53.7118187447404,-0.022850631346808,0.14355316968,"Litter_1h","Random Forest"
0.390449946418835,51.1266475020025,0.13295431568466,-0.0198206536666674,"Litter_1h","Random Forest"
0.538717836903426,56.1043789026428,0.0133308625635543,0.196498926746667,"Litter_1h","Random Forest"
0.522769177411529,64.6784766518373,-0.12754220431857,-0.00569789177777897,"Litter_1h","Random Forest"
0.415773194362697,50.8756557701987,0.127625540117788,0.0495086351604932,"Litter_1h","Random Forest"
0.493724772206568,64.4857557808852,-0.0317284219130465,-0.137334639128205,"Litter_1h","Random Forest"
0.450120057029371,59.0968843684664,-0.0695820673872691,-0.136014414564103,"Litter_1h","Random Forest"
0.492185354024894,53.2494357679114,-0.0441066155285157,0.11643882225641,"Litter_1h","Random Forest"
0.603453944963064,75.0070876089967,-0.226207497570058,0.00202358812820473,"Litter_1h","Random Forest"
0.497596765339279,62.8891999328271,0.0766771005000862,-0.00276226866666749,"Litter_1h","Random Forest"
0.548211674889054,66.8461151417559,-0.335774678771379,0.0572964541944444,"Litter_1h","Random Forest"
0.412241046973028,53.6603433079877,-0.180476849347498,-0.0566092811538467,"Litter_1h","Random Forest"
0.531219171645867,60.7794766777761,0.0589215072307417,0.09657653351282,"Litter_1h","Random Forest"
0.538325772277474,65.1256833184458,-0.445402892964851,-0.0558833704000003,"Litter_1h","Random Forest"
0.433574519968353,61.5499401454618,0.234603926088139,-0.147895461920001,"Litter_1h","Random Forest"
0.524911978690672,62.2142128004088,-0.200090873859977,0.0496785802380941,"Litter_1h","Random Forest"
0.437767072498346,51.1148386824908,-0.0422262869569079,-0.009348839833333,"Litter_1h","Random Forest"
9.06650686572304,296.930736597371,-0.00899123850338301,0.844941463772805,"SF_bio","Elastic Net"
2.21400135082372,122.089827553668,-0.113070529599503,-0.705653098039215,"SF_bio","Elastic Net"
5.76092834531221,196.294619066855,0.011372906695073,0.74494215071502,"SF_bio","Elastic Net"
1.54622422647137,80.0835766121587,-0.0602032913353743,-0.494689189460271,"SF_bio","Elastic Net"
2.03528910126215,95.8223934579104,-0.0241931851217645,-0.312810765048544,"SF_bio","Elastic Net"
6.02994844314234,215.869868490415,0.0263697315956923,0.486242631300026,"SF_bio","Elastic Net"
1.82136432654503,112.042482948728,-1.08591100644324,-1.14231187116156,"SF_bio","Elastic Net"
8.70289369524168,242.871774713422,-0.0266987985425233,1.66080931104578,"SF_bio","Elastic Net"
1.81773743917182,113.407065592681,-0.387357005760106,-0.960489770873786,"SF_bio","Elastic Net"
2.01639985147708,92.6916060985731,0.0879345668190465,-0.227232756041581,"SF_bio","Elastic Net"
1.62188451620502,100.427322234803,-0.47489566472518,-0.927934252726206,"SF_bio","Elastic Net"
5.81188161992071,201.533981981843,0.0221991727824669,0.605799868489574,"SF_bio","Elastic Net"
1.56437418185122,101.827899158142,-0.75294584788093,-1.06413912764043,"SF_bio","Elastic Net"
2.30119650668822,97.1903986403891,-0.221516997839813,0.135682373766607,"SF_bio","Elastic Net"
8.85841482030322,262.201651576415,-0.00985057007013324,1.32045456619228,"SF_bio","Elastic Net"
8.73456866101101,245.479622917619,-0.0232376703785626,1.41328547805489,"SF_bio","Elastic Net"
6.2383630839334,184.161285972872,-0.0423372789765648,1.25726835262136,"SF_bio","Elastic Net"
1.62794173230299,137.095552337814,-3.80696692295141,-1.42593090889572,"SF_bio","Elastic Net"
2.22835978680206,103.632453243801,-0.0170620007924365,-0.288620102857143,"SF_bio","Elastic Net"
1.65805461154326,115.72335543846,-0.998009158016252,-1.17183740582524,"SF_bio","Elastic Net"
3.46767350849756,219.207072615801,-3.63170217730873,-1.97958756208214,"SF_bio","Elastic Net"
8.90894458162655,250.85551705176,-0.0148697848131099,1.45826605523587,"SF_bio","Elastic Net"
2.88415635260111,133.234293638284,-1.05148582358758,-0.219403323335594,"SF_bio","Elastic Net"
2.0133845603785,99.1627926405722,-0.0125045868890084,-0.414302212516353,"SF_bio","Elastic Net"
5.56598439010936,223.819942668831,0.0340214694347575,0.195990215095632,"SF_bio","Elastic Net"
1.64460068534901,88.6739717980122,0.0815079480542652,-0.617050192747463,"SF_bio","Elastic Net"
1.62530172752627,90.8747175241633,-0.410893129554178,-0.583958449753625,"SF_bio","Elastic Net"
6.10172585409582,180.404211522362,-0.00898001100977797,1.30439840223299,"SF_bio","Elastic Net"
8.88010241078859,275.871447252744,-0.00371198210105428,0.857891459377069,"SF_bio","Elastic Net"
1.28876628593346,85.254942580855,-2.98471080524413,-1.03706186596246,"SF_bio","Elastic Net"
1.78828035036884,99.7692388328306,-0.20154337560377,-0.474088749383177,"SF_bio","Elastic Net"
9.54143717551439,242.520863506838,-0.0257679297472839,1.771680089168,"SF_bio","Elastic Net"
5.78945154704075,206.278654203237,-0.00897625347495867,0.546065205720572,"SF_bio","Elastic Net"
1.36382216081497,82.0084097731517,-0.447344159610046,-0.448661730482208,"SF_bio","Elastic Net"
2.66329953218839,144.379536815264,-0.519554340818465,-1.31177870745278,"SF_bio","Elastic Net"
1.5020914453237,79.1707169522807,-0.208480349096617,-0.762913709955658,"SF_bio","Elastic Net"
9.26567833911372,266.821097215705,-0.0114725816535621,1.42041682940308,"SF_bio","Elastic Net"
2.52280324175947,110.277160185783,-0.00196001839705451,-0.111580488448845,"SF_bio","Elastic Net"
1.413712229871,83.6862741887764,-0.128941444495807,-0.681217760086704,"SF_bio","Elastic Net"
5.79890674961979,222.936018031582,0.0286497347802963,0.268722723165038,"SF_bio","Elastic Net"
1.43733695377936,93.5291293340206,-2.23803655478507,-1.06684740377065,"SF_bio","Elastic Net"
2.07250673353008,99.7199948475217,0.0842461136385299,-0.24123551041711,"SF_bio","Elastic Net"
2.21457661400019,144.512523878377,-1.63324297293811,-1.08814218245752,"SF_bio","Elastic Net"
6.01528600458546,208.211460486429,0.0177615918430949,0.579320270058248,"SF_bio","Elastic Net"
9.0743913970137,233.780218897522,-0.0321162186696196,1.85280967166752,"SF_bio","Elastic Net"
5.79197953776721,199.211253335122,0.00902852655590802,0.620337102020688,"SF_bio","Elastic Net"
9.40292719257824,230.253062210149,-0.0537923718122348,2.10396107278461,"SF_bio","Elastic Net"
1.59905200634412,106.143455505906,-0.839412269912648,-1.08021624854369,"SF_bio","Elastic Net"
2.11370156241162,111.206730594747,-0.356927743228534,-0.988876169636126,"SF_bio","Elastic Net"
1.43680467833623,97.0674054867925,-1.42985973785609,-1.10218335897436,"SF_bio","Elastic Net"
0.048241885522023,107.779011443304,0.323903970182853,0.0079905755996479,"Herb","Elastic Net"
0.0419167792397209,124.820902079066,0.122352833924592,-0.0171509812907175,"Herb","Elastic Net"
0.0376415188595701,124.836757383235,0.400591156119455,-0.00123258688649053,"Herb","Elastic Net"
0.0421989024808628,175.431116472923,0.0794082136616558,0.000872396985467674,"Herb","Elastic Net"
0.0288522896872184,83.538780017194,0.416917299507291,0.00557610392440208,"Herb","Elastic Net"
0.0422876435665007,117.199806641879,0.375657538429793,0.00521407244594392,"Herb","Elastic Net"
0.0344007938283061,134.37002577008,0.276893872855668,-0.0111696651584103,"Herb","Elastic Net"
0.0393061371962762,124.044434594443,0.271003671362188,-0.00137138685038547,"Herb","Elastic Net"
0.0397915049648635,99.9907148723048,0.328913832090156,0.00420005479803161,"Herb","Elastic Net"
0.0360239998790191,105.048289667274,0.452082486323563,0.00107363151651228,"Herb","Elastic Net"
0.0539179758504737,125.483051511905,0.296293510317,0.0110724357086215,"Herb","Elastic Net"
0.0340254515278994,131.59909254513,0.235599325295849,-0.00644640217274854,"Herb","Elastic Net"
0.0355357028863457,87.1301655078261,0.440200635379852,0.00728973543677805,"Herb","Elastic Net"
0.0359568035437511,182.618253005399,-0.397638432446448,-0.015039911345127,"Herb","Elastic Net"
0.0404329283665992,107.564050949649,0.277994719632604,0.00111793828949387,"Herb","Elastic Net"
0.039220125994124,132.176269639192,0.234958658664155,-0.00395296011008771,"Herb","Elastic Net"
0.0308686620520314,207.830591215336,-0.614971205932574,-0.0173251991393975,"Herb","Elastic Net"
0.0456220701364482,97.266185867474,0.231204947836957,0.0185662995695396,"Herb","Elastic Net"
0.0523023224182154,108.129672148471,0.295948314239699,0.0125710483378977,"Herb","Elastic Net"
0.0281320314961721,105.695940397401,0.362079005101189,-0.00554615540882037,"Herb","Elastic Net"
0.0401656103921811,111.551308634524,0.295560772506793,0.00484805503658448,"Herb","Elastic Net"
0.0374189104997946,140.323612905247,0.236140908131759,-0.0122812568808507,"Herb","Elastic Net"
0.038727535132144,105.487127906124,0.425745270009367,0.00338866892856682,"Herb","Elastic Net"
0.0395848539650743,112.826814634064,0.366390195880558,0.00030430128013092,"Herb","Elastic Net"
0.035986247714331,109.409196490756,0.403048801391644,-3.2365470463196e-05,"Herb","Elastic Net"
0.0246089905649322,137.557241838637,0.0087745850802724,-0.0139691799404413,"Herb","Elastic Net"
0.0438329263716274,101.437278184478,0.316236552289813,0.00626558614062386,"Herb","Elastic Net"
0.0492602401188598,147.126823363851,0.319157711939504,0.00261040586742784,"Herb","Elastic Net"
0.0410662963665139,112.245459140634,0.258109315508497,0.00599634522092596,"Herb","Elastic Net"
0.0336249257223789,98.4480331499895,0.270437496088349,4.99321002707295e-05,"Herb","Elastic Net"
0.0581627213168886,117.452991350744,0.187106544951176,0.0208729689121417,"Herb","Elastic Net"
0.0417905404378676,186.246789271228,-0.247391929665493,-0.0127877984107353,"Herb","Elastic Net"
0.0323443152035635,104.441316314606,0.39218306280226,-0.00512507163819158,"Herb","Elastic Net"
0.0316909896591325,104.604534127055,0.280663344018241,-0.00407753379155501,"Herb","Elastic Net"
0.0389479127156838,128.874139025039,0.21710869156121,-0.00285077899015275,"Herb","Elastic Net"
0.0357513122065474,194.114934663297,-0.000867520917374298,-0.0146491074471022,"Herb","Elastic Net"
0.0459530879542736,109.817392649716,0.245122070166618,0.00575229809220604,"Herb","Elastic Net"
0.0370355066749834,110.585539262204,0.156676943075267,-0.00375343384880797,"Herb","Elastic Net"
0.0401026667814092,113.200735692517,0.395949589496247,0.0103620398889841,"Herb","Elastic Net"
0.0391371435048771,103.727393590908,0.443709415999255,0.00416182227393651,"Herb","Elastic Net"
0.0526498301595928,146.707204542956,0.170105287930648,0.00207053466931611,"Herb","Elastic Net"
0.0404086094074045,98.8171411392509,0.349511571605432,0.00263046907402205,"Herb","Elastic Net"
0.0401028761001896,126.988208043666,0.367895956200334,0.000633719353238689,"Herb","Elastic Net"
0.0306641920473063,103.130690742062,0.391518295216169,-0.00109333663863551,"Herb","Elastic Net"
0.0325740363629927,114.436945389392,0.181298375035771,-0.0073067863419782,"Herb","Elastic Net"
0.0336325541500754,100.344993103594,0.202382525913376,-0.00338761768853528,"Herb","Elastic Net"
0.043535971331842,113.389098980711,0.306196299550734,0.0025781183424149,"Herb","Elastic Net"
0.0497741049623569,139.70188432492,0.333548177128923,-4.53234216000343e-05,"Herb","Elastic Net"
0.0407280510099782,126.675711841219,0.312522420097776,0.00442454279652817,"Herb","Elastic Net"
0.0327226495341246,121.053022507397,-0.0584500259050498,-0.00231494126775229,"Herb","Elastic Net"
0.274380442909701,149.119805929186,-0.0287431381623215,-0.220197832423479,"Shrub","Elastic Net"
1.47788814458307,278.867866364078,0.122870904078385,0.174267126558704,"Shrub","Elastic Net"
0.842531731053381,290.673705590043,-0.275209752014491,-0.256389076578104,"Shrub","Elastic Net"
0.390578222327939,117.512655226427,0.158886913741815,-0.194835039939348,"Shrub","Elastic Net"
1.55946537727193,193.019193832943,0.0667285397829752,0.441645522113282,"Shrub","Elastic Net"
0.310636825310665,109.431824696391,0.233728142583955,-0.143397475197443,"Shrub","Elastic Net"
0.652773000573002,264.943958321335,-3.50279664460774,-0.399371358627701,"Shrub","Elastic Net"
1.07552048463119,206.61062912111,0.155917001026659,0.168103382071098,"Shrub","Elastic Net"
1.2269188705854,242.734280894262,0.163236270293176,0.134083614547207,"Shrub","Elastic Net"
1.56089646667278,273.22715569218,0.0813650871814773,0.158507431879674,"Shrub","Elastic Net"
0.371789548145688,161.497834535657,-0.226143327092636,-0.23792348589494,"Shrub","Elastic Net"
0.928003888559792,220.655865925735,0.0828924278818594,-0.062867437489327,"Shrub","Elastic Net"
0.210638756176189,76.1088149212996,0.591071717790855,-0.136545761284332,"Shrub","Elastic Net"
1.49299046378598,209.866053686973,0.024498314661883,0.356502235123655,"Shrub","Elastic Net"
1.43969766641173,292.886053293525,0.160648720683274,0.0858632913797207,"Shrub","Elastic Net"
0.517260440785339,195.888014772275,-1.50818688267138,-0.284738988305218,"Shrub","Elastic Net"
1.50568330304843,290.290479370858,0.120862442128849,0.145266428043423,"Shrub","Elastic Net"
0.379535801284028,124.069385169825,0.260214959722192,-0.160891778400208,"Shrub","Elastic Net"
1.59712983504988,200.30581546182,0.0618638155065248,0.45503562376489,"Shrub","Elastic Net"
0.433506572697567,206.255696423608,-0.490139541700851,-0.197382747772157,"Shrub","Elastic Net"
0.857845811000176,235.538368079247,0.23698479027473,-0.0336600850733184,"Shrub","Elastic Net"
0.480750387660357,189.322261522896,-0.822283580849981,-0.188558897837018,"Shrub","Elastic Net"
1.48619734745404,204.232392934985,0.0913522384474209,0.371995407867557,"Shrub","Elastic Net"
1.46991202182343,246.316710369182,0.14973804258241,0.165053971389982,"Shrub","Elastic Net"
0.333121220694658,138.132866435005,0.0673543724699893,-0.197240021309246,"Shrub","Elastic Net"
1.21635098223878,201.509946777425,0.226522202866065,0.0676361023914132,"Shrub","Elastic Net"
0.359009399962151,138.328031334953,-0.0726339968477008,-0.13249499266683,"Shrub","Elastic Net"
1.78247703830316,222.784875912793,0.0962319116427536,0.471130029782304,"Shrub","Elastic Net"
0.5233965299998,205.074139967974,-0.723595810585753,-0.25540863975938,"Shrub","Elastic Net"
0.38015977452012,183.203643828368,-0.732160879382621,-0.168183123102902,"Shrub","Elastic Net"
0.678546188251035,166.541178266698,0.22067038912196,-0.119530112186085,"Shrub","Elastic Net"
1.61871312698667,198.653259205253,0.0422488449567409,0.441117758379185,"Shrub","Elastic Net"
0.282815065467952,110.111420194306,0.494706576224404,-0.120955176702808,"Shrub","Elastic Net"
0.445404015253802,544.844713627358,-20.0685901077128,-0.257965520087848,"Shrub","Elastic Net"
1.45605551210773,230.250088887651,0.212130726385449,0.197892495296268,"Shrub","Elastic Net"
0.472581936649279,138.922120871356,-0.635059049175507,-0.263303287037536,"Shrub","Elastic Net"
0.866727057563915,203.166930845369,0.301865372622439,0.0783221154810163,"Shrub","Elastic Net"
2.0404061568299,233.424428564681,0.0169934326072971,0.605705864538975,"Shrub","Elastic Net"
0.481062149225286,178.474216616497,-0.409498653061179,-0.222350056441624,"Shrub","Elastic Net"
0.308897413470052,149.829352542784,-0.219121983902403,-0.200434707322103,"Shrub","Elastic Net"
0.951751511069326,411.523047579018,-6.2428558709735,-0.463912866570014,"Shrub","Elastic Net"
1.40844824734936,231.316701141835,0.0979724843349514,0.268186381168884,"Shrub","Elastic Net"
0.356373348862101,165.128797234364,-0.0766019133330438,-0.257232992289682,"Shrub","Elastic Net"
0.460883131858439,181.08645312893,-1.54900970611268,-0.225788677270221,"Shrub","Elastic Net"
1.74187447481278,214.14045596845,0.0640237405588261,0.473682050774702,"Shrub","Elastic Net"
0.501681532759968,173.05330553983,-0.357485697675713,-0.199617163444545,"Shrub","Elastic Net"
2.10459538132534,207.975807844926,-0.000274892169896068,0.682213409407121,"Shrub","Elastic Net"
0.404370552082057,132.546437926139,0.0182780708006181,-0.0709802510724039,"Shrub","Elastic Net"
0.797641816540329,207.059068215633,0.282767353721958,-0.0966104942261156,"Shrub","Elastic Net"
0.291722659849638,202.149996431043,-0.373325644334371,-0.170262980901538,"Shrub","Elastic Net"
9.17212130601686,443.535783851452,-0.0116201448223461,1.26023325834128,"Large_diam_woody","Elastic Net"
1.41101688728235,313.457501575053,-1.57948521213313,-1.06863818533269,"Large_diam_woody","Elastic Net"
5.79695359005556,344.156794330549,-0.0176863671527134,0.764209026769344,"Large_diam_woody","Elastic Net"
1.2998044533669,186.297405972576,-0.155486951557497,-0.476806834951456,"Large_diam_woody","Elastic Net"
1.22371338479511,252.973001788407,-0.583201389377437,-0.74271279223301,"Large_diam_woody","Elastic Net"
6.1955987778346,355.911939476189,-0.017457344145047,0.811548102564102,"Large_diam_woody","Elastic Net"
1.30523936445052,248.002194381938,-0.398229622012702,-0.696574696832579,"Large_diam_woody","Elastic Net"
8.72830356715931,401.07239263839,-0.0264617002739724,1.40141686857143,"Large_diam_woody","Elastic Net"
1.0985077337976,380.340213846848,-6.21816020284027,-0.969069048688432,"Large_diam_woody","Elastic Net"
0.981533115097598,165.803545744626,-0.62321431123082,-0.608185040776699,"Large_diam_woody","Elastic Net"
1.21413676295139,225.923738477399,-0.436928370124882,-0.669507076923077,"Large_diam_woody","Elastic Net"
5.89080820772004,398.70920026253,-0.00717051557183046,0.497048277526395,"Large_diam_woody","Elastic Net"
1.26291894806004,319.030475395059,-0.865651816785272,-0.860264108597285,"Large_diam_woody","Elastic Net"
1.2004819144709,171.219551480868,-0.183350782534877,-0.472541825242718,"Large_diam_woody","Elastic Net"
8.85326131931454,403.205930909084,-0.0202178571817808,1.44893512020581,"Large_diam_woody","Elastic Net"
8.89735734261101,396.006006062517,-0.0283355521958772,1.47692842244224,"Large_diam_woody","Elastic Net"
6.07036495790947,325.602036723163,-0.0263697576388759,0.973006962330097,"Large_diam_woody","Elastic Net"
1.1170367705927,565.889713917642,-13.4260507896013,-1.07762556024845,"Large_diam_woody","Elastic Net"
1.07312165968391,190.293415793434,-0.615374685751092,-0.66234176,"Large_diam_woody","Elastic Net"
1.22309704801662,282.720131593496,-0.701889969611559,-0.837944426994128,"Large_diam_woody","Elastic Net"
1.20789981936726,286.218077252889,-0.852491107922209,-0.819403433009709,"Large_diam_woody","Elastic Net"
9.11312525276902,371.219293292699,-0.0371008392763419,1.72364853092006,"Large_diam_woody","Elastic Net"
1.39817654110628,256.918363144726,-1.48528010421311,-0.617145430371885,"Large_diam_woody","Elastic Net"
0.994673996497486,199.847332967571,-1.23357208700407,-0.726870297470237,"Large_diam_woody","Elastic Net"
5.67831515970512,412.097340622956,-0.00448785541631369,0.379547885714286,"Large_diam_woody","Elastic Net"
1.11194671541124,301.952934925274,-1.65290477215883,-0.877701948717949,"Large_diam_woody","Elastic Net"
1.30985199704528,201.952507647439,-0.212625130179403,-0.548486876420975,"Large_diam_woody","Elastic Net"
5.75214402347251,340.756239085072,0.00227307622751871,0.803564727305935,"Large_diam_woody","Elastic Net"
9.06110266894215,418.607890165397,-0.0230227110327843,1.35930415686275,"Large_diam_woody","Elastic Net"
1.0034158011535,235.851809756137,-1.83545719291729,-0.807312205128205,"Large_diam_woody","Elastic Net"
1.14865664957691,246.598679600024,-0.822798920082461,-0.708424156827269,"Large_diam_woody","Elastic Net"
9.59124783783952,421.990422081494,-0.0234712578473875,1.45246431138716,"Large_diam_woody","Elastic Net"
5.84821660700894,332.991267483717,-0.0218563073699445,0.855296962229556,"Large_diam_woody","Elastic Net"
1.13706225248681,187.344177142232,-0.367757266445481,-0.589603914563107,"Large_diam_woody","Elastic Net"
2.21303020117636,528.979591142288,-4.80271770896694,-1.41865388594146,"Large_diam_woody","Elastic Net"
1.2511136136961,241.584436365004,-0.456222914056144,-0.700279425242718,"Large_diam_woody","Elastic Net"
9.34851090028044,425.724419083406,-0.0126251675359277,1.39422497257317,"Large_diam_woody","Elastic Net"
1.03496781761898,183.879743552083,-0.675492892621981,-0.657152164283095,"Large_diam_woody","Elastic Net"
1.23676537390792,199.897922944978,-0.282714225200908,-0.580625616892911,"Large_diam_woody","Elastic Net"
5.93198504250669,371.773443984632,-0.0119747080457107,0.64527922775264,"Large_diam_woody","Elastic Net"
1.04000265067317,301.174722299596,-3.73570345627341,-0.923694576168929,"Large_diam_woody","Elastic Net"
1.21414356161041,214.607496382414,-0.39670393583045,-0.647069779788838,"Large_diam_woody","Elastic Net"
1.28463058298838,260.13984421155,-0.428165716619251,-0.725542818391742,"Large_diam_woody","Elastic Net"
6.17910305617713,346.231471752103,-0.0200160161021363,0.865587076923077,"Large_diam_woody","Elastic Net"
9.04158919882408,398.052148076712,-0.0280472997742973,1.49342614781297,"Large_diam_woody","Elastic Net"
5.92234767991119,346.33038840763,-0.0180640946988782,0.788886346907994,"Large_diam_woody","Elastic Net"
9.20826424309895,417.267123914763,-0.0236131571130567,1.39857857864078,"Large_diam_woody","Elastic Net"
1.25166675663354,271.295602938043,-0.610164728537021,-0.770507930097087,"Large_diam_woody","Elastic Net"
1.36258840112103,232.724457670618,-0.27714076180242,-0.634739474285714,"Large_diam_woody","Elastic Net"
0.939034529266386,207.552021498501,-1.52749633365803,-0.70882201967519,"Large_diam_woody","Elastic Net"
0.51124214399893,67.5627076138335,-0.0632923967469605,-0.0678837399334512,"Litter_1h","Elastic Net"
0.419292317272711,52.4290832369412,-6.16820801659923e-05,0.00889722242686516,"Litter_1h","Elastic Net"
0.562494321593424,60.4548506994819,-0.0363848498509114,0.131530587391141,"Litter_1h","Elastic Net"
0.423639078346012,51.9145178554288,0.0116514678050742,-0.0136077405698216,"Litter_1h","Elastic Net"
0.491883099877758,61.6534548025114,0.0395361214803902,-0.0371227714928886,"Litter_1h","Elastic Net"
0.44617590976168,60.9019641686856,-0.20874479649271,-0.0971328439139471,"Litter_1h","Elastic Net"
0.408478183517415,49.3738459982445,-0.00588968498736109,0.00437493732239587,"Litter_1h","Elastic Net"
0.539293755666787,63.0866771224801,-0.00622511076556354,0.0424181142857144,"Litter_1h","Elastic Net"
0.496804317521449,64.6234387385335,0.0194345278294227,-0.0674934218462115,"Litter_1h","Elastic Net"
0.543303951984533,59.2335080617748,-0.0427046123359434,0.120623246930617,"Litter_1h","Elastic Net"
0.502527676611566,67.7932556658639,0.0122999807192369,-0.0874274331068503,"Litter_1h","Elastic Net"
0.540635055427691,56.3202131608848,-0.1015631132821,0.17556353985564,"Litter_1h","Elastic Net"
0.554549066505767,67.3907397656183,-0.552857234439289,0.0377452587402229,"Litter_1h","Elastic Net"
0.526436837305631,56.2737454853347,-0.0720090656079606,0.139964607068428,"Litter_1h","Elastic Net"
0.440363506216688,67.373855747723,-0.355405605590847,-0.218820062888843,"Litter_1h","Elastic Net"
0.530401208220109,55.1612549455158,-0.125673627655098,0.177223102310231,"Litter_1h","Elastic Net"
0.509490633622881,51.4865832918551,-0.159331040091908,0.212800017740095,"Litter_1h","Elastic Net"
0.477432178096577,74.9212650117713,-0.333396288843758,-0.240190949207049,"Litter_1h","Elastic Net"
0.437642121257528,59.0923440961121,-0.0596164185380881,-0.103807257142857,"Litter_1h","Elastic Net"
0.526887460296787,69.0220021935589,-0.04741144351019,-0.0798248395117416,"Litter_1h","Elastic Net"
0.509217543069963,67.030249328926,-0.172166503565131,-0.0756620098074923,"Litter_1h","Elastic Net"
0.413325972390621,50.6583277653253,0.00968987957104506,0.0173450812844828,"Litter_1h","Elastic Net"
0.536526752333658,62.6708465648883,0.0453801342580129,0.0383601733815685,"Litter_1h","Elastic Net"
0.467331725193098,51.8782143840027,-0.0472692372829218,0.0992853996983409,"Litter_1h","Elastic Net"
0.535110290269864,68.5382322773067,-0.0631442671076929,-0.0663455110634812,"Litter_1h","Elastic Net"
0.48234574072059,55.7689606567915,-0.0294004301934061,0.033821084265793,"Litter_1h","Elastic Net"
0.462771184100692,55.2782131752872,0.0324712970504117,0.0305994038057865,"Litter_1h","Elastic Net"
0.573667108548709,71.3057750351034,-0.00555393595604503,-0.0385171981538192,"Litter_1h","Elastic Net"
0.506213733485558,66.3853377919122,-0.0028818967327473,-0.0809162362691688,"Litter_1h","Elastic Net"
0.363505091364952,43.0409356425603,0.0106606273766816,0.0529871298033533,"Litter_1h","Elastic Net"
0.49700390213488,60.8015856543956,0.0123490536589651,-0.00579595104152407,"Litter_1h","Elastic Net"
0.491823095052708,59.6775702672438,0.0117076859737255,0.00538049554159701,"Litter_1h","Elastic Net"
0.481516161640064,63.1466546548446,0.00822803928136784,-0.0695652466744752,"Litter_1h","Elastic Net"
0.514424419190884,54.4915261638943,-0.0527625901471855,0.150203143448463,"Litter_1h","Elastic Net"
0.421328440549331,55.1699670088493,-0.00960803337253946,-0.0695097664966149,"Litter_1h","Elastic Net"
0.567742153871565,59.1270953694502,-0.0958500088486343,0.178778757002291,"Litter_1h","Elastic Net"
0.482902122021217,59.7460121480819,0.0378759135749573,-0.00675141894824653,"Litter_1h","Elastic Net"
0.44369187938517,54.2918967112173,0.00653417867399031,-0.00515530285301652,"Litter_1h","Elastic Net"
0.501495750502777,65.5007289740437,-0.0644617812083261,-0.122099030690852,"Litter_1h","Elastic Net"
0.426880113696148,56.0456800898631,0.0380129413511068,-0.0608823673079265,"Litter_1h","Elastic Net"
0.542976957356196,58.744569251714,-0.270721195943587,0.129540458193846,"Litter_1h","Elastic Net"
0.572630074625884,71.1757948282847,-0.104139667684665,-0.0261376504288199,"Litter_1h","Elastic Net"
0.518020860109994,65.4705169126647,-0.000674901032734043,-0.0383317393904517,"Litter_1h","Elastic Net"
0.472980728570774,57.6728400544774,0.00568603713101801,-0.00160373008271052,"Litter_1h","Elastic Net"
0.378119345758031,49.2188103386395,0.00685466923283951,-0.063754387807553,"Litter_1h","Elastic Net"
0.541728879916493,61.9819456450494,0.0213163227003247,0.0739606264036893,"Litter_1h","Elastic Net"
0.436731894835418,52.8350388237698,0.0486761271348536,0.00755009199021667,"Litter_1h","Elastic Net"
0.509358112137264,72.3081266789902,-0.0563435399271277,-0.140580925581962,"Litter_1h","Elastic Net"
0.487468643064772,57.776311313768,-0.034986141992148,0.0197473866341966,"Litter_1h","Elastic Net"
0.434983245305079,50.7897916726924,-0.0290130833610964,0.0333376365856919,"Litter_1h","Elastic Net"
8.53288511467324,279.454469061234,0.106284680545455,0.992166280137153,"SF_bio","Leaps and Bounds"
3.76110939019096,207.404208081468,-2.2121724351183,-1.86766175208652,"SF_bio","Leaps and Bounds"
5.54084951922693,188.795777432027,0.0854651235236953,1.09528883801674,"SF_bio","Leaps and Bounds"
2.69112880138217,139.38160833924,-2.21153877160929,-1.34389429095742,"SF_bio","Leaps and Bounds"
2.86747859069095,135.002276373872,-1.0329656273641,0.408351290430262,"SF_bio","Leaps and Bounds"
6.55642938377289,234.717686591726,-0.151069761199319,-0.4026278115522,"SF_bio","Leaps and Bounds"
2.60470954859144,160.230504644855,-3.26599878641707,-1.12051802208814,"SF_bio","Leaps and Bounds"
8.48703510725219,236.847806113092,0.023600173116089,1.733055547182,"SF_bio","Leaps and Bounds"
2.55204044665907,159.219594696416,-1.73464548604821,-0.470153723789565,"SF_bio","Leaps and Bounds"
2.95743048275527,135.949713133859,-0.962012512731105,-0.429804589197517,"SF_bio","Leaps and Bounds"
2.06613075743356,127.935113309749,-1.39351993746991,-0.896691115260068,"SF_bio","Leaps and Bounds"
5.88985178583099,204.23769121739,-0.00421247754140097,0.246677419656949,"SF_bio","Leaps and Bounds"
3.83430544797471,249.581764406169,-9.5307822724529,-1.54365468714271,"SF_bio","Leaps and Bounds"
3.36328060232116,142.047226966075,-1.6092657136373,0.560138542824355,"SF_bio","Leaps and Bounds"
9.1049983797318,269.500318194011,-0.0668536163277789,1.5535331415769,"SF_bio","Leaps and Bounds"
8.43707447381033,237.118733705059,0.0452770568022433,1.05426143866912,"SF_bio","Leaps and Bounds"
6.12920056164198,180.93872418627,-0.00617758964144,1.36779258723728,"SF_bio","Leaps and Bounds"
2.69090864204768,226.612291614539,-12.1338280982124,-1.62130488775532,"SF_bio","Leaps and Bounds"
4.26603634395383,198.396962002986,-2.72757083959565,-0.455982163604017,"SF_bio","Leaps and Bounds"
2.44619668184832,170.73146210934,-3.34893141106552,-1.628961261891,"SF_bio","Leaps and Bounds"
12.5758335495081,794.97439748463,-59.9168987971032,-4.00397069177119,"SF_bio","Leaps and Bounds"
8.9788471223026,252.823812827298,-0.0308582765869423,1.53326869642769,"SF_bio","Leaps and Bounds"
3.09126896341231,142.801910310704,-1.35670111342123,-0.187798483650477,"SF_bio","Leaps and Bounds"
3.29150247742593,162.112387304469,-1.70602562051868,-0.0764263295731487,"SF_bio","Leaps and Bounds"
5.24006411749931,210.714002799539,0.143836501744403,0.371725963790521,"SF_bio","Leaps and Bounds"
2.35232652644633,126.83330240833,-0.879099083573418,-0.311005227380796,"SF_bio","Leaps and Bounds"
2.70484762596675,151.234850608167,-2.90761469508262,-0.56416728151137,"SF_bio","Leaps and Bounds"
5.78982934739876,171.182649506512,0.0915339405240569,1.22171944704492,"SF_bio","Leaps and Bounds"
8.92336450950093,277.215438259927,-0.0135155762931725,0.539171345262007,"SF_bio","Leaps and Bounds"
2.40113683946543,158.840889625794,-12.8319145252047,-0.702276745177424,"SF_bio","Leaps and Bounds"
2.03834046159626,113.720243189875,-0.561067546586286,-0.125346869151328,"SF_bio","Leaps and Bounds"
8.56312599808292,217.654497238878,0.173798088724215,0.816774900938405,"SF_bio","Leaps and Bounds"
5.80811944940408,206.943793162431,-0.0154935676698351,0.240920984113895,"SF_bio","Leaps and Bounds"
2.64138755652774,158.830087477086,-4.42900925522549,-0.449059105500338,"SF_bio","Leaps and Bounds"
2.87187167634925,155.68639479446,-0.766876810343718,-1.08864645506573,"SF_bio","Leaps and Bounds"
3.34769418042464,176.446879599983,-5.00258615216803,-1.56303799157417,"SF_bio","Leaps and Bounds"
8.99206262586848,258.94186353722,0.0473830129209187,1.27796773227434,"SF_bio","Leaps and Bounds"
4.58956548583517,200.619786706632,-2.31609354436523,-0.099221317783307,"SF_bio","Leaps and Bounds"
2.0491381360462,121.301020307003,-1.3718753326981,0.0695692316757118,"SF_bio","Leaps and Bounds"
5.20892188463831,200.254350231614,0.216246844820059,0.0557395322144709,"SF_bio","Leaps and Bounds"
1.6765703345752,109.09631401861,-3.40563099997536,-0.283383419846761,"SF_bio","Leaps and Bounds"
2.7884562643047,134.168367132578,-0.657732852522719,-0.411997000008296,"SF_bio","Leaps and Bounds"
3.05076746504383,199.078281307762,-3.99721146186202,-0.924236268026886,"SF_bio","Leaps and Bounds"
5.65703056849892,195.810905048513,0.131276838337206,-0.194084440683373,"SF_bio","Leaps and Bounds"
8.83731897088642,227.672608893744,0.0211082935718284,1.10759792449429,"SF_bio","Leaps and Bounds"
5.87377590202925,202.024584448716,-0.0191588062401478,0.276916531979971,"SF_bio","Leaps and Bounds"
9.06482897576358,221.973922304566,0.0206269856309985,1.9498580545071,"SF_bio","Leaps and Bounds"
4.32762933316008,287.263659810873,-12.4726805858941,-0.930274070048864,"SF_bio","Leaps and Bounds"
4.2259014845848,222.334456421548,-4.42385564075331,-1.97707845502401,"SF_bio","Leaps and Bounds"
2.02700518374991,136.940070603556,-3.83610205150968,-0.543474054756281,"SF_bio","Leaps and Bounds"
0.0459866843479123,102.740581653066,0.385638440594039,0.009637093571631,"Herb","Leaps and Bounds"
0.0425513177230126,126.710447681685,0.0955799706527037,-0.0175648074257792,"Herb","Leaps and Bounds"
0.0375800849101163,124.633013876718,0.402546125198392,-0.00176369886403921,"Herb","Leaps and Bounds"
0.0462330115813821,192.201890636981,-0.105017489722482,-0.000643127119378344,"Herb","Leaps and Bounds"
0.033271996932734,96.335579000087,0.224597274620135,0.0115938269043294,"Herb","Leaps and Bounds"
0.0463276107147612,128.396537617704,0.250665536642822,0.0130649568632873,"Herb","Leaps and Bounds"
0.0356376060276557,139.201033098829,0.223963483547023,-0.011113239475039,"Herb","Leaps and Bounds"
0.043314898482441,136.695500372881,0.114722938170899,-0.00442569321492388,"Herb","Leaps and Bounds"
0.0403408867510394,101.371237614183,0.310255194913747,0.00602863966697704,"Herb","Leaps and Bounds"
0.0399336806417191,116.449169043412,0.326697854419863,9.32851461976351e-05,"Herb","Leaps and Bounds"
0.0540662179858929,125.828054736184,0.29241864823598,0.0102097997481491,"Herb","Leaps and Bounds"
0.0340397031888067,131.654213213878,0.234958848228733,-0.00268080447644452,"Herb","Leaps and Bounds"
0.0352253181432781,86.3691316225227,0.449937004656606,0.00784764343576699,"Herb","Leaps and Bounds"
0.0411354033246188,208.919446431714,-0.829212664736761,-0.0157466131978227,"Herb","Leaps and Bounds"
0.0395879466987952,105.316139288562,0.307856834671497,0.000773664986049435,"Herb","Leaps and Bounds"
0.0403527886796325,135.993471260432,0.190132368848036,4.57269001459854e-05,"Herb","Leaps and Bounds"
0.0317127610998202,213.513688326916,-0.704501088874084,-0.0142194781420828,"Herb","Leaps and Bounds"
0.0469804466438129,100.162242566527,0.184742342769735,0.0219135238431155,"Herb","Leaps and Bounds"
0.0505732728292899,104.555039961319,0.341729011782486,0.00942683068068478,"Herb","Leaps and Bounds"
0.0286433742249792,107.617125882849,0.338677863914735,-0.00523187535077867,"Herb","Leaps and Bounds"
0.042727189659179,118.665541845836,0.20284376649539,0.00816228736926236,"Herb","Leaps and Bounds"
0.0344255843311488,129.098423903806,0.353462653016536,-0.00512463687754963,"Herb","Leaps and Bounds"
0.0422148313827244,114.985921577767,0.317669183952433,0.000933676996781699,"Herb","Leaps and Bounds"
0.0410411256835342,116.977556212661,0.318913420456809,-0.000889087695108449,"Herb","Leaps and Bounds"
0.0378155247806623,114.9707581066,0.340817056191039,-0.000399602512957169,"Herb","Leaps and Bounds"
0.0258886386226719,144.710109685142,-0.0969914831259659,-0.0175276491551355,"Herb","Leaps and Bounds"
0.0428945893356826,99.2657974546962,0.345198029737927,0.00640689881274487,"Herb","Leaps and Bounds"
0.0487748111197068,145.676980114169,0.332510149966543,0.00401025064705396,"Herb","Leaps and Bounds"
0.0405731089625856,110.897442604098,0.275821847700725,0.00585600449344452,"Herb","Leaps and Bounds"
0.0364801417336009,106.807617431125,0.141277441537573,0.00168461095037858,"Herb","Leaps and Bounds"
0.0549914505108486,111.048971144686,0.273334500789998,0.0157003327092254,"Herb","Leaps and Bounds"
0.0393022811253666,175.157430220786,-0.103271680368457,-0.00927438619358636,"Herb","Leaps and Bounds"
0.0307134805242875,99.175274368035,0.451931369253261,-0.00283132572615363,"Herb","Leaps and Bounds"
0.0349672572688609,115.418726131704,0.124242781176395,-0.00407470699059621,"Herb","Leaps and Bounds"
0.0385870746395102,127.680167560283,0.231547892979155,-0.00123371184391417,"Herb","Leaps and Bounds"
0.0388562579402703,210.973514140118,-0.182264284005013,-0.0120565640450876,"Herb","Leaps and Bounds"
0.0427701276407328,102.210843925757,0.346074278742218,0.00104550706685553,"Herb","Leaps and Bounds"
0.0356212955974163,106.362799824188,0.21985232965435,-0.00605230729703386,"Herb","Leaps and Bounds"
0.0416231371714608,117.492678861552,0.349276790667911,0.00962403217951162,"Herb","Leaps and Bounds"
0.0401060970751387,106.29546625419,0.415823259898398,0.00969091560363333,"Herb","Leaps and Bounds"
0.0499000851782123,139.045120957851,0.254527508735358,0.000781056264474441,"Herb","Leaps and Bounds"
0.040315738275201,98.5900296421394,0.352498171526084,0.000106891564249884,"Herb","Leaps and Bounds"
0.0408269485684925,129.281027765967,0.34486414129712,0.0019745238108605,"Herb","Leaps and Bounds"
0.035206123049776,118.406243440951,0.197914108021173,-0.0017509000171526,"Herb","Leaps and Bounds"
0.0293934884713777,103.263255358315,0.333370140401322,-0.00506998171487891,"Herb","Leaps and Bounds"
0.0369818123678882,110.337730832311,0.0356130136141921,-0.00437061095221428,"Herb","Leaps and Bounds"
0.0431367318730406,112.349282913074,0.318862779353954,-0.00119055514325688,"Herb","Leaps and Bounds"
0.0488921711165272,137.226544583391,0.356956300002502,0.00204319772350159,"Herb","Leaps and Bounds"
0.0361596087090082,112.466569342867,0.458100527806271,0.00294939653849557,"Herb","Leaps and Bounds"
0.0369595277861304,136.726781377879,-0.35028755045386,-0.00198346543560831,"Herb","Leaps and Bounds"
0.5047280775584,274.308737803478,-2.48109259512586,-0.111704638416419,"Shrub","Leaps and Bounds"
1.28103040618903,241.722093401206,0.340978985601052,0.278683286948327,"Shrub","Leaps and Bounds"
1.57776168073737,544.328263701738,-3.47189812603431,-0.409012827218415,"Shrub","Leaps and Bounds"
0.759682626067448,228.564516440488,-2.18201871358976,-0.325698641665415,"Shrub","Leaps and Bounds"
1.59326866719288,197.203117288081,0.0258304694383199,0.363557088742902,"Shrub","Leaps and Bounds"
1.17067583807638,412.408261514241,-9.88304205261938,-0.286804995624085,"Shrub","Leaps and Bounds"
1.21665733430371,493.810267563385,-14.6420807797313,-0.494401265749278,"Shrub","Leaps and Bounds"
0.920256399265763,176.78394444549,0.382032732009786,0.18611601033872,"Shrub","Leaps and Bounds"
1.22507141558007,242.368779414944,0.165754316933472,0.241663070829412,"Shrub","Leaps and Bounds"
1.44232841900974,252.472409230359,0.215626209923612,0.149145586878253,"Shrub","Leaps and Bounds"
0.904868533660193,393.056527421027,-6.26303033389166,-0.316120638292291,"Shrub","Leaps and Bounds"
1.09094029275336,259.398024015131,-0.267426115889917,-0.0695174379889002,"Shrub","Leaps and Bounds"
0.956165106849716,345.485296592613,-7.42628932610659,-0.238735079349842,"Shrub","Leaps and Bounds"
1.28841109162779,181.108826804409,0.273521332077947,0.365003718331714,"Shrub","Leaps and Bounds"
1.52736750991329,310.72123845433,0.0553123203804877,0.0559036953893671,"Shrub","Leaps and Bounds"
0.85007589803067,321.92618445394,-5.77418054041777,-0.246232266895568,"Shrub","Leaps and Bounds"
1.48624509081353,286.542859976819,0.14341506617092,0.18990464521543,"Shrub","Leaps and Bounds"
1.0972030157654,358.673155765399,-5.18264104281702,-0.274399768078315,"Shrub","Leaps and Bounds"
1.75630837792833,220.269369542129,-0.134454254514704,0.463701170181134,"Shrub","Leaps and Bounds"
0.595316866672817,283.242521939762,-1.81016577786876,-0.163376180591161,"Shrub","Leaps and Bounds"
1.01004237371173,277.326915098618,-0.0577764970603676,-0.0586656018118322,"Shrub","Leaps and Bounds"
0.690988150350879,272.115098953126,-2.76459165730254,-0.187398221457926,"Shrub","Leaps and Bounds"
1.28869935490052,177.092331295017,0.316803206173125,0.302287472046675,"Shrub","Leaps and Bounds"
1.60428501457412,268.833917552612,-0.0128219811376213,0.0335304083128299,"Shrub","Leaps and Bounds"
0.75159634023351,311.65879094108,-3.74767928003007,-0.213308505753231,"Shrub","Leaps and Bounds"
1.27600707327323,211.393028145252,0.148791023337793,0.122061789951386,"Shrub","Leaps and Bounds"
0.408049479294046,157.223407420388,-0.385688376204582,-0.111391535319236,"Shrub","Leaps and Bounds"
1.93286852686823,241.581723444812,-0.0627074945975388,0.565217720308319,"Shrub","Leaps and Bounds"
1.29415113072738,507.066659617707,-9.53764937546187,-0.465852607929966,"Shrub","Leaps and Bounds"
0.556292885515082,268.084343723133,-2.70905193635903,-0.102999675936543,"Shrub","Leaps and Bounds"
1.09198883343019,268.015811041974,-1.01836051732702,-0.349767877321591,"Shrub","Leaps and Bounds"
1.6699020165562,204.935311026885,-0.0192832452448874,0.531128482400976,"Shrub","Leaps and Bounds"
0.390260609429414,151.944345252843,0.0378384403356073,-0.137397021144839,"Shrub","Leaps and Bounds"
0.771292406712901,943.490799513755,-62.1779209246239,-0.259486663053641,"Shrub","Leaps and Bounds"
1.42928476894003,226.016757161838,0.24083560828788,0.247315316591272,"Shrub","Leaps and Bounds"
1.30416592370482,383.377954252373,-11.4521660388096,-0.589770262433656,"Shrub","Leaps and Bounds"
0.955403217393534,223.953247684692,0.151703120983895,0.0879265207438963,"Shrub","Leaps and Bounds"
1.95428825632774,223.572457844724,0.0982203860047155,0.644660744511533,"Shrub","Leaps and Bounds"
0.748632887563603,277.743049118356,-2.41350147128322,-0.142870217173783,"Shrub","Leaps and Bounds"
0.473530678972058,229.684004933913,-1.86493558399356,-0.138565418475799,"Shrub","Leaps and Bounds"
1.16321884907662,502.958345961062,-9.81896099388538,-0.556575871761135,"Shrub","Leaps and Bounds"
1.75793350133111,288.714462260083,-0.405215344457424,0.421701283846546,"Shrub","Leaps and Bounds"
0.688503226295323,319.024163880781,-3.0184324326754,-0.30919216796043,"Shrub","Leaps and Bounds"
0.708728270869266,278.467750135266,-5.0276687296886,-0.13088302376754,"Shrub","Leaps and Bounds"
1.71201429288121,210.46954106236,0.095838739965693,0.513835284209725,"Shrub","Leaps and Bounds"
0.993821070767485,342.815133069157,-4.32715623475292,-0.287460842839215,"Shrub","Leaps and Bounds"
2.00280865397062,197.917258331168,0.0941400471595036,0.683878461242999,"Shrub","Leaps and Bounds"
0.49053267780008,160.789055469047,-0.444658969471772,-0.0332921709024531,"Shrub","Leaps and Bounds"
0.921044299658068,239.092999536688,0.0436755497901729,-0.300895644435006,"Shrub","Leaps and Bounds"
0.33465588382227,231.900688671797,-0.807299508539253,-0.0500980384210542,"Shrub","Leaps and Bounds"
8.89614022589767,430.190181387763,0.0483415041386687,1.6458258561309,"Large_diam_woody","Leaps and Bounds"
3.97334489403195,882.678849987447,-19.454136414716,-2.01531458323041,"Large_diam_woody","Leaps and Bounds"
5.40039618982792,320.613752022168,0.116786793735165,1.02624262789761,"Large_diam_woody","Leaps and Bounds"
2.55443177744326,366.11969795834,-3.46269925954476,-1.12781717422418,"Large_diam_woody","Leaps and Bounds"
2.41043146578732,498.298123630922,-5.14279918068123,0.179097559586765,"Large_diam_woody","Leaps and Bounds"
6.48298322614443,372.421006644834,-0.114036540397926,-0.0514568826188077,"Large_diam_woody","Leaps and Bounds"
3.34286345764791,635.16125516555,-8.1713960474296,-0.413968359938355,"Large_diam_woody","Leaps and Bounds"
8.34126341999625,383.287594404073,0.0625529694891191,1.44787792411158,"Large_diam_woody","Leaps and Bounds"
2.15040905168795,744.543723647456,-26.6606536036363,-0.481979465679694,"Large_diam_woody","Leaps and Bounds"
2.80418681842228,473.691728045797,-12.2489004564009,-0.786113106079198,"Large_diam_woody","Leaps and Bounds"
2.72125595934527,506.364965174685,-6.21836247959657,-0.614061791607805,"Large_diam_woody","Leaps and Bounds"
5.78234379808271,391.367973643274,0.0295770551725395,0.132817442886002,"Large_diam_woody","Leaps and Bounds"
3.64276451543367,920.211781521079,-14.5217910160441,-1.38328879666686,"Large_diam_woody","Leaps and Bounds"
2.72335549396721,388.420433976748,-5.08991078602958,0.17201535254374,"Large_diam_woody","Leaps and Bounds"
8.50675688974794,387.425007241698,0.058079178734624,1.49798937638967,"Large_diam_woody","Leaps and Bounds"
8.27550415305574,368.328394781957,0.110385801251698,1.50720506513946,"Large_diam_woody","Leaps and Bounds"
5.64862611111904,302.980822276852,0.111290339597545,1.18448108072455,"Large_diam_woody","Leaps and Bounds"
1.78850742318713,906.056076837941,-35.9823080691341,-0.860859926616098,"Large_diam_woody","Leaps and Bounds"
3.95718145319231,701.715009521095,-20.9658129655909,-1.21233542975826,"Large_diam_woody","Leaps and Bounds"
2.46126128652548,568.923059654873,-5.89167968814618,-1.45187456195179,"Large_diam_woody","Leaps and Bounds"
13.2170212364652,3131.84118803272,-220.799965865456,-4.3922407622231,"Large_diam_woody","Leaps and Bounds"
8.67109318148563,353.213304286384,0.0610682747076573,1.49881271380031,"Large_diam_woody","Leaps and Bounds"
2.10958742467984,387.641855033989,-4.65778417592849,-0.112602827165603,"Large_diam_woody","Leaps and Bounds"
3.56675043288775,716.622294222554,-27.7199639181113,-0.585437647768246,"Large_diam_woody","Leaps and Bounds"
5.30376810329928,384.915008973189,0.123655716141415,0.191926621929561,"Large_diam_woody","Leaps and Bounds"
2.10307541558011,571.097324451151,-8.48993857881494,-0.516223433359601,"Large_diam_woody","Leaps and Bounds"
3.21958683447783,496.394734884693,-6.32626117248198,-0.504969036829893,"Large_diam_woody","Leaps and Bounds"
5.43194796458876,321.787867578751,0.110259436040353,0.714312555162323,"Large_diam_woody","Leaps and Bounds"
8.80847926586786,406.937108624669,0.0332258149244541,0.887717519990186,"Large_diam_woody","Leaps and Bounds"
2.32564281954715,546.63985479002,-14.231660590073,-0.552294388196822,"Large_diam_woody","Leaps and Bounds"
2.35302723750653,505.158273402003,-6.64913294631535,0.507818671930387,"Large_diam_woody","Leaps and Bounds"
8.61807233514309,379.173184107301,0.173684890199005,0.401018953973875,"Large_diam_woody","Leaps and Bounds"
5.76479634322842,328.241405904238,0.00708774928880773,0.571934945835876,"Large_diam_woody","Leaps and Bounds"
2.38241210588222,392.529990872575,-5.00446503929908,-0.0394221243363608,"Large_diam_woody","Leaps and Bounds"
2.66138144589472,636.148782955932,-7.39210698217533,-1.20360236748589,"Large_diam_woody","Leaps and Bounds"
3.08709064656078,596.103379975064,-7.86611019467435,-1.35291182033083,"Large_diam_woody","Leaps and Bounds"
8.75195213609465,398.5575648067,0.11248907611551,1.03487530294926,"Large_diam_woody","Leaps and Bounds"
4.05616116634413,720.646441731054,-24.7347115232785,-0.542208563498566,"Large_diam_woody","Leaps and Bounds"
1.85310329848218,299.516390241901,-1.87974832206291,0.45816656353804,"Large_diam_woody","Leaps and Bounds"
5.52205809313223,346.082220446641,0.123056716324444,0.265449342113173,"Large_diam_woody","Leaps and Bounds"
1.85820652882851,538.118662421657,-14.1183212863063,-0.359558236301272,"Large_diam_woody","Leaps and Bounds"
2.25726385006125,398.985555623789,-3.82757386418137,-0.644052974071191,"Large_diam_woody","Leaps and Bounds"
2.66401565170794,539.467630453187,-5.1417994863308,-0.636495076515883,"Large_diam_woody","Leaps and Bounds"
5.76569132323242,323.066919965911,0.11190609427839,0.376103768185113,"Large_diam_woody","Leaps and Bounds"
8.38933278599222,369.336834815377,0.114928413308816,0.847822991587011,"Large_diam_woody","Leaps and Bounds"
6.11259672672808,357.455879486408,-0.0845231095979542,0.34526166727136,"Large_diam_woody","Leaps and Bounds"
8.88582418051694,402.655940525958,0.0468181936745194,1.16389090048376,"Large_diam_woody","Leaps and Bounds"
4.21475715867122,913.537951327019,-17.2573603424617,-0.611592932615291,"Large_diam_woody","Leaps and Bounds"
3.78976723159402,647.27655317261,-8.87948857693593,-1.82515596942835,"Large_diam_woody","Leaps and Bounds"
2.02529097409106,447.644067064995,-10.7571555681513,-0.452782437563326,"Large_diam_woody","Leaps and Bounds"
0.549382638029868,72.6031274554043,-0.227861195078816,-0.0206771483632914,"Litter_1h","Leaps and Bounds"
0.451362257566651,56.4391676096085,-0.158893320320024,0.0292219695393878,"Litter_1h","Leaps and Bounds"
0.553774548004389,59.5176810424353,-0.00450187824239823,0.020737948040926,"Litter_1h","Leaps and Bounds"
0.435364838544728,53.3514419219746,-0.0438180314011452,-0.0126331856554946,"Litter_1h","Leaps and Bounds"
0.48314796452547,60.5585782499932,0.073346133494219,-0.049256532473468,"Litter_1h","Leaps and Bounds"
0.474503712094285,64.7686426802158,-0.367104177596685,-0.0624110012818396,"Litter_1h","Leaps and Bounds"
0.44758333592753,54.1005899242211,-0.207703819983789,-0.0192629214080418,"Litter_1h","Leaps and Bounds"
0.521143954924765,60.9635102821119,0.06036372051893,0.00825597377129018,"Litter_1h","Leaps and Bounds"
0.483524455860584,62.8960175060075,0.0711560353145336,-0.0747257992098763,"Litter_1h","Leaps and Bounds"
0.585036432752012,63.7833760076069,-0.209042009237391,0.146263210819542,"Litter_1h","Leaps and Bounds"
0.526892553012118,71.0801876538239,-0.0857984370094043,-0.0405984318273497,"Litter_1h","Leaps and Bounds"
0.540372985614503,56.2929122531956,-0.100495419033094,0.162535231954144,"Litter_1h","Leaps and Bounds"
0.541642260787808,65.8222596474838,-0.481414723972287,0.0472231475486367,"Litter_1h","Leaps and Bounds"
0.53958881596753,57.679633233685,-0.126242195218455,0.118410396317506,"Litter_1h","Leaps and Bounds"
0.443734000709738,67.8895279289268,-0.376233262898696,-0.239607712067202,"Litter_1h","Leaps and Bounds"
0.51039504178907,53.080631391342,-0.042356732321001,0.203394043845004,"Litter_1h","Leaps and Bounds"
0.507965186992059,51.3324292606875,-0.152399214395186,0.228908708918752,"Litter_1h","Leaps and Bounds"
0.511778239710917,80.3110365905903,-0.532143706935524,-0.191245833726162,"Litter_1h","Leaps and Bounds"
0.424454032205611,57.3116309097608,0.00328320245301217,-0.111712636202696,"Litter_1h","Leaps and Bounds"
0.53781649653132,70.4537006487254,-0.0913142540054228,-0.0726797277708806,"Litter_1h","Leaps and Bounds"
0.564625633520564,74.323827816722,-0.441132040996664,-0.113516299656087,"Litter_1h","Leaps and Bounds"
0.439992979089784,53.9267068562227,-0.122218226896327,0.012768327271369,"Litter_1h","Leaps and Bounds"
0.518814879917931,60.6019505895901,0.107367795457908,0.0367898161456608,"Litter_1h","Leaps and Bounds"
0.431097188744404,47.8558402359313,0.108834840431503,0.100732340258544,"Litter_1h","Leaps and Bounds"
0.533646279180215,68.3507181630326,-0.0573349008202098,-0.0712533661353374,"Litter_1h","Leaps and Bounds"
0.519994048687383,60.1218694285331,-0.196366368598077,-0.0334755234136022,"Litter_1h","Leaps and Bounds"
0.485470014171654,57.9895980034732,-0.0647706250912699,0.0484165239427855,"Litter_1h","Leaps and Bounds"
0.590823727303787,73.4383114470437,-0.0665993784141943,-0.0543182062883728,"Litter_1h","Leaps and Bounds"
0.560030641885301,73.4429369969627,-0.227454846655733,-0.0614397465558453,"Litter_1h","Leaps and Bounds"
0.372912319891247,44.1548015200772,-0.0412086310752546,0.0846281399940456,"Litter_1h","Leaps and Bounds"
0.515645542605284,63.0821337445232,-0.0631301212016662,-0.00555353693946507,"Litter_1h","Leaps and Bounds"
0.504953175551874,61.2707677186965,-0.0417650813290575,0.102790568820876,"Litter_1h","Leaps and Bounds"
0.561113567649214,73.5851618309306,-0.34676440367694,0.00792120302207558,"Litter_1h","Leaps and Bounds"
0.509811573993431,54.0029004972467,-0.0339669896279964,0.147137434719231,"Litter_1h","Leaps and Bounds"
0.436382581060363,57.1411997940307,-0.0830438961880415,-0.0682601207472262,"Litter_1h","Leaps and Bounds"
0.569829039659357,59.3444325781787,-0.103920985683272,0.21606307044079,"Litter_1h","Leaps and Bounds"
0.477574701792153,59.0868886959186,0.0589872975525109,-0.021974642725816,"Litter_1h","Leaps and Bounds"
0.430234495492811,52.6451978865744,0.0658848257245671,0.0169400279094387,"Litter_1h","Leaps and Bounds"
0.542314035108532,70.8320351605197,-0.244793313048553,-0.14074595583579,"Litter_1h","Leaps and Bounds"
0.428522857241031,56.2613581601978,0.0305947521453777,-0.0396797794027519,"Litter_1h","Leaps and Bounds"
0.626639308110027,67.7959823753017,-0.692476873368842,0.134994733831965,"Litter_1h","Leaps and Bounds"
0.579697191903907,72.054211299401,-0.13156133404991,0.00238664159938063,"Litter_1h","Leaps and Bounds"
0.505119114259789,63.8399185431137,0.0485496819029374,-0.0276283486183493,"Litter_1h","Leaps and Bounds"
0.466102949815204,56.8341990483233,0.0343931250920337,0.0125618058105045,"Litter_1h","Leaps and Bounds"
0.384554281955522,50.0564292221977,-0.0272361928781668,-0.0427047702748371,"Litter_1h","Leaps and Bounds"
0.51584041999935,59.0199157904369,0.112621082500318,0.0523101533276663,"Litter_1h","Leaps and Bounds"
0.432359653627862,52.3060929494706,0.0676287017497068,0.0481570838826107,"Litter_1h","Leaps and Bounds"
0.51734844959201,73.4424294791584,-0.0897453640663317,-0.110425831071153,"Litter_1h","Leaps and Bounds"
0.591662890483655,70.1257400649775,-0.524719054036832,0.0686646177799308,"Litter_1h","Leaps and Bounds"
0.451847969181001,52.7589613396179,-0.11035156184582,0.0496358219025732,"Litter_1h","Leaps and Bounds"
