Plot,Tree_ID,Species,LiveDead_Status,BasalA.m2.,DBH.cm.,Height.m.,CBH.m.,forestType
BD_001,3,Pinus ponderosa,Live,0.026254399,18.288,7.98576,1.85928,Pondo
BD_001,4,Pinus ponderosa,Live,0.031607582,20.066,9.81456,4.05384,Pondo
BD_001,2,Pinus ponderosa,Live,0.099264318,35.56,13.716,1.6764,Pondo
BD_001,1,Pinus ponderosa,Live,0.142940617,42.672,13.77696,3.13944,Pondo
BD_002,2,Pinus ponderosa,Live,0.024112113,17.526,5.27304,1.524,Pondo
BD_002,6,Pinus ponderosa,Live,0.042865979,23.368,10.60704,1.524,Pondo
BD_002,5,Pinus ponderosa,Live,0.068147993,29.464,10.57656,2.40792,Pondo
BD_002,3,Pinus ponderosa,Live,0.088243953,33.528,9.50976,0.97536,Pondo
BD_002,1,Pinus ponderosa,Live,0.113951385,38.1,9.57072,1.61544,Pondo
BD_002,4,Pinus ponderosa,Live,0.121674757,39.37,10.39368,2.25552,Pondo
BD_003,2,Pinus ponderosa,Live,0.072928886,30.48,11.43,3.2004,Pondo
BD_003,4,Pinus ponderosa,Live,0.079132906,31.75,10.78992,3.13944,Pondo
BD_003,1,Pinus ponderosa,Live,0.09093827,34.036,13.53312,5.97408,Pondo
BD_003,6,Pinus ponderosa,Live,0.092300622,34.29,14.90472,6.61416,Pondo
BD_003,5,Pinus ponderosa,Live,0.10795501,37.084,11.49096,1.6764,Pondo
BD_004,2,Pseudotsuga menziesii,Live,0.012661265,12.7,8.04672,0.54864,DMC
BD_004,3,Pinus ponderosa,Live,0.015320131,13.97,7.55904,1.58496,DMC
BD_004,4,Pseudotsuga menziesii,Live,0.015882291,14.224,6.15696,0,DMC
BD_004,5,Pinus ponderosa,Live,0.01645458,14.478,10.57656,3.62712,DMC
BD_004,6,Pseudotsuga menziesii,Live,0.017629545,14.986,5.66928,0.42672,DMC
BD_004,7,Pinus ponderosa,Live,0.055836179,26.67,11.49096,2.16408,DMC
BD_004,8,Pinus ponderosa,Live,0.063529163,28.448,11.82624,2.37744,DMC
BD_004,9,Pinus ponderosa,Live,0.071718469,30.226,13.44168,1.76784,DMC
BD_004,10,Pinus ponderosa,Live,0.074149432,30.734,16.24584,2.07264,DMC
BD_004,11,Pinus ponderosa,Live,0.079132906,31.75,13.35024,3.10896,DMC
BD_004,12,Pinus ponderosa,Live,0.085590151,33.02,14.72184,2.68224,DMC
BD_004,13,Pinus ponderosa,Live,0.099264318,35.56,14.44752,2.95656,DMC
BD_004,14,Pseudotsuga menziesii,Live,0.106481239,36.83,19.41576,3.99288,DMC
BD_004,15,Pinus ponderosa,Live,0.167756697,46.228,15.30096,1.95072,DMC
BD_004,16,Pinus ponderosa,Live,0.200559502,50.546,14.84376,1.43256,DMC
BD_005,1,Pinus ponderosa,Live,0.026988752,18.542,5.1816,0.762,Pondo
BD_005,2,Pinus ponderosa,Live,0.044749975,23.876,9.41832,2.1336,Pondo
BD_005,3,Pinus ponderosa,Live,0.046674487,24.384,7.58952,1.2192,Pondo
BD_005,4,Pinus ponderosa,Live,0.229771573,54.102,12.67968,1.40208,Pondo
BGT_MX_001,6,Pseudotsuga menziesii,Live,0.036591056,21.59,7.3152,1.8288,DMC
BGT_MX_001,3,Pinus ponderosa,Live,0.042865979,23.368,5.4864,1.2192,DMC
BGT_MX_001,5,Pseudotsuga menziesii,Live,0.048639516,24.892,9.144,0.3048,DMC
BGT_MX_001,2,Pseudotsuga menziesii,Dead,0.061280523,27.94,9.144,NA,DMC
BGT_MX_001,1,Pseudotsuga menziesii,Live,0.084278444,32.766,10.0584,1.524,DMC
BGT_MX_001,4,Pseudotsuga menziesii,Live,0.09093827,34.036,10.9728,1.2192,DMC
BGT_MX_003,1,Pinus ponderosa,Live,0.045707167,24.13,9.4488,5.4864,DMC
BGT_MX_003,7,Pinus ponderosa,Dead,0.045707167,24.13,11.8872,NA,DMC
BGT_MX_003,8,Pseudotsuga menziesii,Dead,0.047651937,24.638,10.9728,NA,DMC
BGT_MX_003,2,Pseudotsuga menziesii,Live,0.048639516,24.892,11.8872,3.6576,DMC
BGT_MX_003,10,Pseudotsuga menziesii,Live,0.05064506,25.4,13.716,4.572,DMC
BGT_MX_003,3,Pinus ponderosa,Live,0.053729344,26.162,10.0584,3.6576,DMC
BGT_MX_003,4,Pinus ponderosa,Live,0.057983529,27.178,12.4968,8.2296,DMC
BGT_MX_003,6,Pinus ponderosa,Live,0.064668677,28.702,11.8872,5.4864,DMC
BGT_MX_003,11,Pinus ponderosa,Live,0.093673103,34.544,13.716,5.4864,DMC
BGT_MX_003,5,Pseudotsuga menziesii,Live,0.17710071,47.498,18.288,1.8288,DMC
BGT_MX_003,9,Pseudotsuga menziesii,Live,0.286873878,60.452,17.3736,2.1336,DMC
BGT_MX_004,3,Pinus ponderosa,Live,0.029252587,19.304,11.8872,2.7432,Pondo
BGT_MX_004,4,Pinus ponderosa,Live,0.062399778,28.194,10.0584,1.2192,Pondo
BGT_MX_004,2,Pinus ponderosa,Live,0.076620911,31.242,6.4008,2.7432,Pondo
BGT_MX_004,1,Pinus ponderosa,Live,0.080404097,32.004,10.0584,1.524,Pondo
BGT_MX_005,1,Pseudotsuga menziesii,Dead,0.01317278,12.954,6.4008,NA,DMC
BGT_MX_005,7,Pseudotsuga menziesii,Live,0.015882291,14.224,8.2296,5.4864,DMC
BGT_MX_005,12,Pinus ponderosa,Live,0.022734567,17.018,7.3152,3.6576,DMC
BGT_MX_005,9,Pseudotsuga menziesii,Live,0.023418276,17.272,10.668,1.524,DMC
BGT_MX_005,8,Pinus ponderosa,Live,0.026254399,18.288,4.572,3.048,DMC
BGT_MX_005,10,Pseudotsuga menziesii,Live,0.027733235,18.796,9.144,4.572,DMC
BGT_MX_005,11,Pseudotsuga menziesii,Live,0.029252587,19.304,9.144,2.7432,DMC
BGT_MX_005,15,Pinus ponderosa,Live,0.031607582,20.066,10.9728,5.4864,DMC
BGT_MX_005,6,Juniperus scopulorum,Live,0.034889382,21.082,7.3152,1.8288,DMC
BGT_MX_005,13,Pinus ponderosa,Live,0.037457086,21.844,8.2296,3.6576,DMC
BGT_MX_005,3,Pseudotsuga menziesii,Dead,0.049637223,25.146,10.0584,NA,DMC
BGT_MX_005,4,Pseudotsuga menziesii,Dead,0.051663026,25.654,3.048,NA,DMC
BGT_MX_005,14,Pseudotsuga menziesii,Live,0.061280523,27.94,11.8872,3.048,DMC
BGT_MX_005,2,Pseudotsuga menziesii,Dead,0.066978092,29.21,7.3152,NA,DMC
BGT_MX_005,17,Pseudotsuga menziesii,Dead,0.068147993,29.464,10.9728,NA,DMC
BGT_MX_005,16,Pseudotsuga menziesii,Live,0.077871844,31.496,12.8016,2.7432,DMC
BGT_MX_005,5,Pseudotsuga menziesii,Live,0.106481239,36.83,12.192,4.572,DMC
BGT_MX_006,3,Pseudotsuga menziesii,Live,0.015320131,13.97,9.144,2.7432,DMC
BGT_MX_006,4,Pseudotsuga menziesii,Live,0.017036998,14.732,3.6576,2.1336,DMC
BGT_MX_006,8,Pseudotsuga menziesii,Live,0.017629545,14.986,8.2296,4.572,DMC
BGT_MX_006,9,Pseudotsuga menziesii,Live,0.024816079,17.78,7.3152,2.7432,DMC
BGT_MX_006,10,Pseudotsuga menziesii,Dead,0.027733235,18.796,7.3152,NA,DMC
BGT_MX_006,16,Pseudotsuga menziesii,Dead,0.031607582,20.066,10.0584,NA,DMC
BGT_MX_006,17,Pseudotsuga menziesii,Live,0.034889382,21.082,11.8872,3.6576,DMC
BGT_MX_006,7,Pseudotsuga menziesii,Live,0.035735154,21.336,9.144,3.6576,DMC
BGT_MX_006,12,Pseudotsuga menziesii,Live,0.035735154,21.336,10.0584,1.8288,DMC
BGT_MX_006,15,Pseudotsuga menziesii,Live,0.036591056,21.59,10.0584,3.6576,DMC
BGT_MX_006,11,Pseudotsuga menziesii,Live,0.041022499,22.86,9.144,2.7432,DMC
BGT_MX_006,14,Pseudotsuga menziesii,Live,0.041022499,22.86,10.0584,2.7432,DMC
BGT_MX_006,1,Pseudotsuga menziesii,Live,0.043802912,23.622,10.0584,2.7432,DMC
BGT_MX_006,13,Pseudotsuga menziesii,Live,0.05064506,25.4,10.9728,3.6576,DMC
BGT_MX_006,2,Pseudotsuga menziesii,Live,0.056904789,26.924,10.0584,5.4864,DMC
BGT_MX_006,18,Pinus ponderosa,Live,0.056904789,26.924,10.9728,3.6576,DMC
BGT_MX_006,6,Pseudotsuga menziesii,Dead,0.057983529,27.178,12.8016,NA,DMC
BGT_MX_006,5,Pseudotsuga menziesii,Live,0.095055713,34.798,13.716,5.4864,DMC
BGT_MX_008,1,Pseudotsuga menziesii,Live,0.01645458,14.478,9.144,2.1336,DMC
BGT_MX_008,3,Pseudotsuga menziesii,Live,0.035735154,21.336,12.4968,2.1336,DMC
BGT_MX_008,8,Pinus ponderosa,Live,0.068147993,29.464,13.716,6.4008,DMC
BGT_MX_008,6,Pinus ponderosa,Dead,0.069328023,29.718,13.716,NA,DMC
BGT_MX_008,2,Pinus ponderosa,Live,0.084278444,32.766,14.6304,4.572,DMC
BGT_MX_008,5,Pinus ponderosa,Dead,0.092300622,34.29,11.8872,NA,DMC
BGT_MX_008,4,Pinus ponderosa,Dead,0.09785132,35.306,9.144,NA,DMC
BGT_MX_008,9,Pseudotsuga menziesii,Live,0.1515756,43.942,17.3736,2.4384,DMC
BGT_MX_008,7,Pseudotsuga menziesii,Live,0.167756697,46.228,19.2024,2.7432,DMC
BGT_MX_008,10,Pinus ponderosa,Live,0.242898772,55.626,17.3736,5.4864,DMC
CW_001,5,Pseudotsuga menziesii,Live,0.015320131,13.97,6.7056,0.79248,DMC
CW_001,6,Pseudotsuga menziesii,Live,0.020101024,16.002,7.19328,0.4572,DMC
CW_001,17,Pinus ponderosa,Live,0.021397538,16.51,6.12648,1.6764,DMC
CW_001,16,Pinus ponderosa,Live,0.022734567,17.018,4.2672,3.32232,DMC
CW_001,11,Pinus ponderosa,Live,0.025530175,18.034,5.0292,0.4572,DMC
CW_001,7,Pinus ponderosa,Live,0.026988752,18.542,6.88848,2.49936,DMC
CW_001,18,Pinus ponderosa,Live,0.029252587,19.304,8.62584,2.8956,DMC
CW_001,13,Pinus ponderosa,Live,0.033228224,20.574,7.86384,2.40792,DMC
CW_001,12,Pinus ponderosa,Live,0.034053738,20.828,11.52144,4.14528,DMC
CW_001,14,Pinus ponderosa,Live,0.036591056,21.59,9.7536,1.88976,DMC
CW_001,8,Pinus ponderosa,Live,0.038333246,22.098,7.58952,0.67056,DMC
CW_001,3,Pinus ponderosa,Live,0.047651937,24.638,9.84504,1.00584,DMC
CW_001,2,Pinus ponderosa,Live,0.05064506,25.4,9.08304,1.2192,DMC
CW_001,10,Pinus ponderosa,Live,0.055836179,26.67,7.62,2.04216,DMC
CW_001,4,Pinus ponderosa,Live,0.061280523,27.94,9.66216,2.37744,DMC
CW_001,15,Pinus ponderosa,Live,0.076620911,31.242,12.22248,1.49352,DMC
CW_001,1,Pinus ponderosa,Live,0.084278444,32.766,13.68552,5.45592,DMC
CW_001,9,Pinus ponderosa,Live,0.09785132,35.306,12.67968,2.37744,DMC
CW_002,6,Pinus ponderosa,Dead,0.013694424,13.208,4.38912,NA,DMC
CW_002,3,Pinus ponderosa,Dead,0.015320131,13.97,4.78536,NA,DMC
CW_002,10,Pinus ponderosa,Dead,0.01645458,14.478,5.9436,NA,DMC
CW_002,8,Pinus ponderosa,Live,0.022060988,16.764,5.69976,1.76784,DMC
CW_002,14,Pinus ponderosa,Dead,0.026988752,18.542,2.16408,NA,DMC
CW_002,7,Pinus ponderosa,Live,0.027733235,18.796,6.5532,3.10896,DMC
CW_002,12,Pinus ponderosa,Dead,0.029252587,19.304,5.45592,NA,DMC
CW_002,11,Pseudotsuga menziesii,Live,0.031607582,20.066,9.20496,1.95072,DMC
CW_002,5,Pseudotsuga menziesii,Live,0.032412838,20.32,6.91896,1.43256,DMC
CW_002,2,Pinus ponderosa,Live,0.033228224,20.574,6.88848,3.13944,DMC
CW_002,16,Pinus ponderosa,Live,0.035735154,21.336,6.096,3.68808,DMC
CW_002,4,Pinus ponderosa,Live,0.036591056,21.59,6.43128,3.41376,DMC
CW_002,9,Pinus ponderosa,Live,0.055836179,26.67,9.17448,3.47472,DMC
CW_002,13,Pinus ponderosa,Live,0.055836179,26.67,7.37616,2.7432,DMC
CW_002,15,Pinus ponderosa,Live,0.061280523,27.94,10.78992,3.44424,DMC
CW_002,1,Pinus ponderosa,Live,0.074149432,30.734,7.80288,3.59664,DMC
CW_003,18,Pinus ponderosa,Live,0.013694424,13.208,5.69976,1.46304,DMC
CW_003,12,Pinus ponderosa,Live,0.014226197,13.462,4.05384,0.97536,DMC
CW_003,22,Pseudotsuga menziesii,Live,0.014226197,13.462,4.35864,0,DMC
CW_003,1,Pseudotsuga menziesii,Live,0.015882291,14.224,5.42544,0.762,DMC
CW_003,15,Pinus ponderosa,Live,0.015882291,14.224,5.09016,1.95072,DMC
CW_003,24,Pinus ponderosa,Live,0.015882291,14.224,4.90728,1.85928,DMC
CW_003,8,Pinus ponderosa,Live,0.017629545,14.986,5.36448,1.70688,DMC
CW_003,7,Juniperus scopulorum,Live,0.018232222,15.24,3.59664,0,DMC
CW_003,19,Pseudotsuga menziesii,Live,0.018232222,15.24,5.45592,1.85928,DMC
CW_003,9,Pinus ponderosa,Live,0.018845027,15.494,5.24256,2.07264,DMC
CW_003,20,Pinus ponderosa,Live,0.018845027,15.494,4.93776,1.55448,DMC
CW_003,17,Pinus ponderosa,Live,0.021397538,16.51,5.30352,1.6764,DMC
CW_003,27,Pinus ponderosa,Live,0.022734567,17.018,5.12064,1.0668,DMC
CW_003,2,Pinus ponderosa,Live,0.025530175,18.034,5.51688,2.07264,DMC
CW_003,23,Pinus ponderosa,Live,0.029252587,19.304,5.05968,0.97536,DMC
CW_003,3,Pseudotsuga menziesii,Live,0.030812455,19.812,7.10184,0.27432,DMC
CW_003,14,Pinus ponderosa,Live,0.030812455,19.812,6.21792,2.19456,DMC
CW_003,16,Juniperus scopulorum,Live,0.032412838,20.32,4.23672,0,DMC
CW_003,26,Pinus ponderosa,Live,0.034889382,21.082,5.66928,1.76784,DMC
CW_003,25,Pinus ponderosa,Live,0.036591056,21.59,5.66928,1.2192,DMC
CW_003,10,Pinus ponderosa,Live,0.039219534,22.352,5.97408,0.64008,DMC
CW_003,6,Pinus ponderosa,Live,0.040115952,22.606,7.37616,2.62128,DMC
CW_003,13,Pinus ponderosa,Live,0.040115952,22.606,5.51688,2.7432,DMC
CW_003,4,Pseudotsuga menziesii,Live,0.041939174,23.114,7.98576,0,DMC
CW_003,21,Pinus ponderosa,Live,0.042865979,23.368,6.46176,2.01168,DMC
CW_003,11,Pinus ponderosa,Live,0.05064506,25.4,7.13232,2.46888,DMC
CW_003,5,Pinus ponderosa,Live,0.055836179,26.67,5.66928,1.58496,DMC
CW_004,4,Pseudotsuga menziesii,Dead,0.01317278,12.954,6.97992,NA,DMC
CW_004,19,Pseudotsuga menziesii,Dead,0.01317278,12.954,5.15112,NA,DMC
CW_004,28,Pinus ponderosa,Live,0.013694424,13.208,6.64464,2.19456,DMC
CW_004,9,Pinus ponderosa,Live,0.015882291,14.224,9.26592,5.1816,DMC
CW_004,5,Pinus ponderosa,Live,0.017036998,14.732,4.84632,2.16408,DMC
CW_004,20,Pseudotsuga menziesii,Live,0.018845027,15.494,6.79704,0.6096,DMC
CW_004,10,Pinus ponderosa,Live,0.019467961,15.748,9.54024,2.65176,DMC
CW_004,6,Pinus ponderosa,Live,0.020744217,16.256,6.88848,2.22504,DMC
CW_004,16,Pinus ponderosa,Live,0.022060988,16.764,8.8392,4.23672,DMC
CW_004,22,Pinus ponderosa,Live,0.023418276,17.272,6.94944,2.68224,DMC
CW_004,2,Pinus ponderosa,Live,0.024816079,17.78,7.65048,2.286,DMC
CW_004,29,Pinus ponderosa,Live,0.024816079,17.78,6.73608,3.048,DMC
CW_004,23,Pseudotsuga menziesii,Live,0.030812455,19.812,6.33984,0.3048,DMC
CW_004,8,Pinus ponderosa,Live,0.032412838,20.32,9.02208,3.56616,DMC
CW_004,27,Pseudotsuga menziesii,Dead,0.032412838,20.32,7.86384,NA,DMC
CW_004,13,Pinus ponderosa,Live,0.033228224,20.574,9.4488,3.59664,DMC
CW_004,30,Pseudotsuga menziesii,Dead,0.038333246,22.098,6.97992,NA,DMC
CW_004,31,Pinus ponderosa,Live,0.044749975,23.876,8.29056,2.49936,DMC
CW_004,33,Pinus ponderosa,Live,0.049637223,25.146,11.00328,3.68808,DMC
CW_004,17,Pseudotsuga menziesii,Live,0.05064506,25.4,9.84504,3.74904,DMC
CW_004,15,Pinus ponderosa,Live,0.051663026,25.654,9.47928,3.07848,DMC
CW_004,26,Pinus ponderosa,Live,0.05269112,25.908,8.62584,3.77952,DMC
CW_004,12,Pinus ponderosa,Live,0.053729344,26.162,9.54024,4.14528,DMC
CW_004,32,Pinus ponderosa,Live,0.053729344,26.162,9.08304,0.97536,DMC
CW_004,1,Pseudotsuga menziesii,Dead,0.055836179,26.67,4.60248,NA,DMC
CW_004,7,Pinus ponderosa,Live,0.060171396,27.686,10.54608,3.01752,DMC
CW_004,18,Pseudotsuga menziesii,Live,0.060171396,27.686,9.20496,2.22504,DMC
CW_004,24,Pseudotsuga menziesii,Live,0.062399778,28.194,11.39952,3.13944,DMC
CW_004,14,Pinus ponderosa,Live,0.068147993,29.464,8.86968,1.6764,DMC
CW_004,25,Pinus ponderosa,Live,0.068147993,29.464,12.25296,2.7432,DMC
CW_004,11,Pinus ponderosa,Live,0.069328023,29.718,9.20496,2.83464,DMC
CW_004,21,Pinus ponderosa,Live,0.069328023,29.718,9.17448,3.2004,DMC
CW_004,3,Pinus ponderosa,Live,0.070518182,29.972,12.25296,3.38328,DMC
CW_005,2,Pinus ponderosa,Live,0.033228224,20.574,5.82168,3.5052,DMC
CW_005,5,Pseudotsuga menziesii,Dead,0.033228224,20.574,8.6868,NA,DMC
CW_005,6,Pseudotsuga menziesii,Dead,0.038333246,22.098,9.144,NA,DMC
CW_005,7,Pinus ponderosa,Live,0.053729344,26.162,9.81456,4.45008,DMC
CW_005,9,Pinus ponderosa,Live,0.06581832,28.956,8.13816,1.61544,DMC
CW_005,10,Pinus ponderosa,Live,0.066978092,29.21,7.7724,2.16408,DMC
CW_005,1,Pinus ponderosa,Live,0.072928886,30.48,9.144,2.92608,DMC
CW_005,8,Pinus ponderosa,Live,0.076620911,31.242,10.11936,2.83464,DMC
CW_005,4,Pinus ponderosa,Live,0.088243953,33.528,7.25424,1.70688,DMC
CW_005,3,Pseudotsuga menziesii,Live,0.100687444,35.814,10.69848,2.19456,DMC
CW_006,23,Pseudotsuga menziesii,Live,0.013694424,13.208,6.43128,1.70688,DMC
CW_006,16,Pinus ponderosa,Dead,0.014226197,13.462,6.00456,NA,DMC
CW_006,2,Pinus ponderosa,Live,0.017036998,14.732,5.42544,2.10312,DMC
CW_006,3,Pinus ponderosa,Live,0.022734567,17.018,10.72896,3.5052,DMC
CW_006,12,Pinus ponderosa,Live,0.022734567,17.018,3.048,2.04216,DMC
CW_006,6,Pinus ponderosa,Live,0.023418276,17.272,11.03376,5.82168,DMC
CW_006,20,Pseudotsuga menziesii,Live,0.028487846,19.05,8.26008,1.58496,DMC
CW_006,19,Pseudotsuga menziesii,Live,0.030027456,19.558,8.2296,1.46304,DMC
CW_006,14,Pseudotsuga menziesii,Dead,0.030812455,19.812,8.90016,NA,DMC
CW_006,11,Pinus ponderosa,Live,0.034053738,20.828,9.84504,4.99872,DMC
CW_006,13,Pseudotsuga menziesii,Live,0.034053738,20.828,8.62584,1.70688,DMC
CW_006,21,Pinus ponderosa,Live,0.036591056,21.59,4.99872,2.04216,DMC
CW_006,9,Pinus ponderosa,Live,0.038333246,22.098,9.41832,5.0292,DMC
CW_006,5,Pseudotsuga menziesii,Live,0.041022499,22.86,9.20496,3.5052,DMC
CW_006,17,Pinus ponderosa,Live,0.042865979,23.368,8.65632,3.01752,DMC
CW_006,10,Pseudotsuga menziesii,Dead,0.046674487,24.384,10.14984,NA,DMC
CW_006,18,Pinus ponderosa,Live,0.047651937,24.638,9.906,1.9812,DMC
CW_006,4,Pseudotsuga menziesii,Live,0.060171396,27.686,11.70432,0.39624,DMC
CW_006,15,Pseudotsuga menziesii,Live,0.062399778,28.194,10.30224,2.04216,DMC
CW_006,22,Pinus ponderosa,Live,0.069328023,29.718,8.59536,3.38328,DMC
CW_006,7,Pinus ponderosa,Live,0.074149432,30.734,14.53896,4.08432,DMC
CW_006,8,Pseudotsuga menziesii,Live,0.095055713,34.798,11.85672,2.5908,DMC
CW_006,1,Pseudotsuga menziesii,Live,0.251852819,56.642,20.69592,2.286,DMC
CW_007,8,Pseudotsuga menziesii,Live,0.017629545,14.986,6.27888,0.762,DMC
CW_007,15,Pinus ponderosa,Live,0.020101024,16.002,5.73024,2.5908,DMC
CW_007,12,Pinus ponderosa,Live,0.024112113,17.526,7.04088,2.19456,DMC
CW_007,13,Pinus ponderosa,Live,0.034889382,21.082,8.26008,2.5908,DMC
CW_007,7,Pinus ponderosa,Live,0.038333246,22.098,7.1628,2.286,DMC
CW_007,3,Pinus ponderosa,Live,0.041022499,22.86,7.58952,2.25552,DMC
CW_007,10,Pinus ponderosa,Live,0.044749975,23.876,8.32104,3.32232,DMC
CW_007,14,Pinus ponderosa,Live,0.045707167,24.13,9.57072,4.20624,DMC
CW_007,4,Pinus ponderosa,Live,0.046674487,24.384,7.3152,2.07264,DMC
CW_007,6,Pinus ponderosa,Live,0.049637223,25.146,6.61416,2.19456,DMC
CW_007,2,Pinus ponderosa,Live,0.053729344,26.162,8.80872,2.98704,DMC
CW_007,16,Pinus ponderosa,Live,0.054777697,26.416,8.77824,2.95656,DMC
CW_007,11,Pseudotsuga menziesii,Live,0.059072398,27.432,9.17448,2.5908,DMC
CW_007,5,Pinus ponderosa,Live,0.068147993,29.464,10.08888,3.38328,DMC
CW_007,9,Pinus ponderosa,Live,0.069328023,29.718,8.65632,2.49936,DMC
CW_007,1,Pinus ponderosa,Live,0.080404097,32.004,8.8392,2.34696,DMC
CW_008,3,Pinus ponderosa,Live,0.01317278,12.954,4.48056,1.3716,DMC
CW_008,5,Pinus ponderosa,Live,0.015320131,13.97,6.79704,4.20624,DMC
CW_008,18,Pseudotsuga menziesii,Live,0.018232222,15.24,10.14984,1.46304,DMC
CW_008,1,Pseudotsuga menziesii,Live,0.026254399,18.288,11.8872,2.34696,DMC
CW_008,15,Pinus ponderosa,Live,0.026988752,18.542,11.36904,6.00456,DMC
CW_008,12,Pseudotsuga menziesii,Live,0.041022499,22.86,12.28344,2.1336,DMC
CW_008,8,Pseudotsuga menziesii,Live,0.041939174,23.114,12.67968,3.77952,DMC
CW_008,9,Pinus ponderosa,Live,0.043802912,23.622,13.77696,9.08304,DMC
CW_008,4,Pseudotsuga menziesii,Live,0.046674487,24.384,16.12392,3.29184,DMC
CW_008,14,Pseudotsuga menziesii,Live,0.046674487,24.384,11.91768,2.49936,DMC
CW_008,10,Pinus ponderosa,Live,0.047651937,24.638,13.01496,6.49224,DMC
CW_008,16,Pinus ponderosa,Live,0.05064506,25.4,14.53896,6.27888,DMC
CW_008,11,Pinus ponderosa,Live,0.05269112,25.908,12.192,7.3152,DMC
CW_008,7,Pinus ponderosa,Live,0.055836179,26.67,13.2588,7.25424,DMC
CW_008,17,Pseudotsuga menziesii,Live,0.057983529,27.178,14.08176,5.39496,DMC
CW_008,20,Pseudotsuga menziesii,Live,0.062399778,28.194,14.20368,1.70688,DMC
CW_008,6,Pseudotsuga menziesii,Live,0.075380107,30.988,15.81912,2.83464,DMC
CW_008,13,Pinus ponderosa,Live,0.086911987,33.274,14.90472,5.24256,DMC
CW_008,2,Pseudotsuga menziesii,Live,0.099264318,35.56,16.94688,3.87096,DMC
CW_008,19,Pinus ponderosa,Live,0.158665908,44.958,14.53896,5.6388,DMC
CW_009,5,Pseudotsuga menziesii,Live,0.014226197,13.462,8.382,3.13944,DMC
CW_009,6,Pinus ponderosa,Live,0.020101024,16.002,11.67384,3.29184,DMC
CW_009,8,Pinus ponderosa,Live,0.022060988,16.764,7.9248,1.9812,DMC
CW_009,4,Pinus ponderosa,Live,0.034053738,20.828,9.6012,3.26136,DMC
CW_009,11,Pinus ponderosa,Live,0.051663026,25.654,13.5636,2.77368,DMC
CW_009,7,Pseudotsuga menziesii,Live,0.060171396,27.686,8.26008,2.16408,DMC
CW_009,12,Pseudotsuga menziesii,Live,0.072928886,30.48,16.39824,1.76784,DMC
CW_009,13,Pinus ponderosa,Live,0.095055713,34.798,11.91768,4.60248,DMC
CW_009,1,Pinus ponderosa,Live,0.110932939,37.592,12.37488,4.45008,DMC
CW_009,10,Pinus ponderosa,Live,0.115475801,38.354,12.07008,5.69976,DMC
CW_009,9,Pinus ponderosa,Live,0.137881176,41.91,13.44168,5.60832,DMC
CW_009,3,Pinus ponderosa,Live,0.139557527,42.164,12.83208,5.39496,DMC
CW_009,2,Pinus ponderosa,Live,0.144647356,42.926,12.954,6.15696,DMC
CW_009,14,Pinus ponderosa,Live,0.180909219,48.006,15.5448,3.10896,DMC
CW_010,9,Pinus ponderosa,Live,0.013694424,13.208,11.5824,5.57784,DMC
CW_010,23,Pinus ponderosa,Live,0.013694424,13.208,6.43128,1.70688,DMC
CW_010,29,Pinus ponderosa,Live,0.014226197,13.462,4.78536,2.1336,DMC
CW_010,24,Pseudotsuga menziesii,Live,0.01645458,14.478,9.11352,2.8956,DMC
CW_010,25,Pseudotsuga menziesii,Live,0.01645458,14.478,8.44296,2.04216,DMC
CW_010,3,Pseudotsuga menziesii,Live,0.017629545,14.986,7.4676,3.07848,DMC
CW_010,26,Pseudotsuga menziesii,Live,0.018845027,15.494,7.52856,2.19456,DMC
CW_010,19,Pseudotsuga menziesii,Dead,0.019467961,15.748,11.09472,NA,DMC
CW_010,4,Pseudotsuga menziesii,Live,0.020101024,16.002,7.25424,2.04216,DMC
CW_010,11,Pseudotsuga menziesii,Live,0.020744217,16.256,10.3632,3.41376,DMC
CW_010,6,Pseudotsuga menziesii,Live,0.022060988,16.764,10.2108,1.95072,DMC
CW_010,13,Pinus ponderosa,Live,0.022060988,16.764,10.8204,5.60832,DMC
CW_010,31,Pseudotsuga menziesii,Live,0.022734567,17.018,8.90016,3.6576,DMC
CW_010,40,Pinus ponderosa,Live,0.025530175,18.034,11.36904,6.46176,DMC
CW_010,20,Pinus ponderosa,Live,0.026254399,18.288,10.60704,5.97408,DMC
CW_010,15,Pinus ponderosa,Live,0.027733235,18.796,9.38784,6.73608,DMC
CW_010,30,Pseudotsuga menziesii,Live,0.028487846,19.05,8.74776,4.23672,DMC
CW_010,8,Pseudotsuga menziesii,Live,0.029252587,19.304,11.36904,2.04216,DMC
CW_010,41,Pinus ponderosa,Live,0.029252587,19.304,13.07592,4.20624,DMC
CW_010,36,Pinus ponderosa,Live,0.031607582,20.066,13.62456,3.41376,DMC
CW_010,7,Pinus ponderosa,Live,0.032412838,20.32,10.85088,5.85216,DMC
CW_010,14,Pseudotsuga menziesii,Dead,0.032412838,20.32,2.22504,NA,DMC
CW_010,12,Pseudotsuga menziesii,Live,0.033228224,20.574,12.28344,8.19912,DMC
CW_010,10,Pinus ponderosa,Live,0.034889382,21.082,11.15568,4.4196,DMC
CW_010,5,Pinus ponderosa,Live,0.040115952,22.606,12.89304,6.5532,DMC
CW_010,27,Pseudotsuga menziesii,Live,0.040115952,22.606,11.33856,1.49352,DMC
CW_010,18,Pinus ponderosa,Live,0.041022499,22.86,13.74648,4.96824,DMC
CW_010,22,Pinus ponderosa,Live,0.041939174,23.114,10.8204,4.38912,DMC
CW_010,42,Pinus ponderosa,Live,0.044749975,23.876,12.0396,6.18744,DMC
CW_010,1,Pinus ponderosa,Live,0.045707167,24.13,12.86256,5.51688,DMC
CW_010,37,Pseudotsuga menziesii,Live,0.045707167,24.13,12.31392,1.55448,DMC
CW_010,2,Pseudotsuga menziesii,Live,0.046674487,24.384,13.92936,3.048,DMC
CW_010,17,Pinus ponderosa,Live,0.046674487,24.384,10.57656,5.66928,DMC
CW_010,35,Pinus ponderosa,Live,0.053729344,26.162,13.38072,5.1816,DMC
CW_010,39,Pinus ponderosa,Live,0.053729344,26.162,12.55776,6.03504,DMC
CW_010,28,Pinus ponderosa,Live,0.055836179,26.67,14.14272,5.60832,DMC
CW_010,32,Pseudotsuga menziesii,Live,0.055836179,26.67,13.22832,3.81,DMC
CW_010,16,Pinus ponderosa,Live,0.056904789,26.924,12.10056,6.06552,DMC
CW_010,21,Pinus ponderosa,Live,0.059072398,27.432,13.83792,7.83336,DMC
CW_010,33,Pinus ponderosa,Live,0.06581832,28.956,15.42288,6.858,DMC
CW_010,38,Pinus ponderosa,Live,0.082976866,32.512,14.99616,6.94944,DMC
CW_010,34,Pinus ponderosa,Live,0.084278444,32.766,14.44752,6.64464,DMC
CW_011,7,Pinus ponderosa,Live,0.01317278,12.954,7.74192,0.762,DMC
CW_011,5,Pseudotsuga menziesii,Live,0.024816079,17.78,5.36448,0.1524,DMC
CW_011,6,Pseudotsuga menziesii,Live,0.026254399,18.288,8.77824,0.1524,DMC
CW_011,4,Pseudotsuga menziesii,Live,0.032412838,20.32,8.86968,0.3048,DMC
CW_011,9,Pinus ponderosa,Live,0.063529163,28.448,13.5636,2.8956,DMC
CW_011,11,Pinus ponderosa,Live,0.066978092,29.21,13.53312,7.3152,DMC
CW_011,1,Pinus ponderosa,Live,0.075380107,30.988,14.35608,4.63296,DMC
CW_011,10,Pinus ponderosa,Live,0.077871844,31.496,13.35024,5.82168,DMC
CW_011,3,Pinus ponderosa,Live,0.082976866,32.512,13.99032,3.41376,DMC
CW_011,8,Pinus ponderosa,Live,0.10795501,37.084,13.95984,5.9436,DMC
CW_011,2,Pinus ponderosa,Live,0.124835008,39.878,13.47216,4.572,DMC
CW_012,2,Pseudotsuga menziesii,Live,0.018845027,15.494,8.8392,0.1524,DMC
CW_012,3,Pseudotsuga menziesii,Live,0.020744217,16.256,8.56488,0.3048,DMC
CW_012,4,Pseudotsuga menziesii,Live,0.023418276,17.272,9.7536,0.6096,DMC
CW_012,6,Pinus ponderosa,Dead,0.034889382,21.082,1.79832,NA,DMC
CW_012,10,Pinus ponderosa,Live,0.059072398,27.432,13.16736,5.45592,DMC
CW_012,14,Pinus ponderosa,Live,0.059072398,27.432,11.30808,6.79704,DMC
CW_012,11,Pseudotsuga menziesii,Dead,0.070518182,29.972,14.3256,NA,DMC
CW_012,15,Pseudotsuga menziesii,Live,0.080404097,32.004,15.05712,2.65176,DMC
CW_012,7,Pseudotsuga menziesii,Live,0.103564083,36.322,15.0876,2.31648,DMC
CW_012,8,Pinus ponderosa,Live,0.103564083,36.322,17.09928,4.69392,DMC
CW_012,13,Pseudotsuga menziesii,Live,0.112437098,37.846,14.56944,5.4864,DMC
CW_012,9,Pinus ponderosa,Live,0.120109824,39.116,14.84376,8.382,DMC
CW_012,12,Pseudotsuga menziesii,Live,0.126430328,40.132,17.70888,5.15112,DMC
CW_012,1,Pinus ponderosa,Live,0.129651354,40.64,16.55064,6.64464,DMC
CW_012,5,Pinus ponderosa,Live,0.17710071,47.498,17.25168,6.30936,DMC
CW_013,4,Pseudotsuga menziesii,Live,0.012661265,12.7,6.97992,0.82296,DMC
CW_013,6,Pseudotsuga menziesii,Live,0.017629545,14.986,7.07136,0,DMC
CW_013,5,Juniperus scopulorum,Live,0.026988752,18.542,3.99288,0.1524,DMC
CW_013,2,Pseudotsuga menziesii,Live,0.027733235,18.796,7.83336,1.24968,DMC
CW_013,1,Pseudotsuga menziesii,Live,0.047651937,24.638,10.39368,1.49352,DMC
CW_013,10,Pinus ponderosa,Dead,0.079132906,31.75,2.01168,NA,DMC
CW_013,3,Pinus ponderosa,Live,0.102120699,36.068,12.8016,2.19456,DMC
CW_013,8,Pinus ponderosa,Live,0.128035776,40.386,15.51432,3.93192,DMC
CW_013,9,Pinus ponderosa,Live,0.158665908,44.958,13.62456,5.42544,DMC
CW_013,7,Pinus ponderosa,Live,0.200559502,50.546,14.81328,5.4864,DMC
CW_014,6,Pseudotsuga menziesii,Live,0.017036998,14.732,7.58952,0.3048,DMC
CW_014,11,Pseudotsuga menziesii,Live,0.028487846,19.05,9.32688,1.28016,DMC
CW_014,7,Pinus ponderosa,Live,0.033228224,20.574,7.62,3.23088,DMC
CW_014,9,Pinus ponderosa,Live,0.038333246,22.098,11.5824,3.29184,DMC
CW_014,1,Pinus ponderosa,Live,0.061280523,27.94,13.8684,4.1148,DMC
CW_014,4,Pinus ponderosa,Live,0.069328023,29.718,11.43,4.84632,DMC
CW_014,8,Pseudotsuga menziesii,Live,0.076620911,31.242,10.2108,1.70688,DMC
CW_014,13,Pseudotsuga menziesii,Live,0.077871844,31.496,13.35024,2.04216,DMC
CW_014,5,Pinus ponderosa,Live,0.079132906,31.75,12.86256,6.096,DMC
CW_014,2,Pinus ponderosa,Dead,0.084278444,32.766,1.9812,NA,DMC
CW_014,10,Pinus ponderosa,Live,0.089586047,33.782,10.75944,7.07136,DMC
CW_014,12,Pinus ponderosa,Live,0.105017596,36.576,8.41248,4.4196,DMC
CW_014,3,Pinus ponderosa,Live,0.120109824,39.116,14.1732,4.23672,DMC
CW_015,22,Pinus ponderosa,Live,0.014768099,13.716,10.72896,3.90144,DMC
CW_015,4,Pseudotsuga menziesii,Live,0.01645458,14.478,6.82752,1.43256,DMC
CW_015,8,Pseudotsuga menziesii,Live,0.019467961,15.748,12.00912,3.048,DMC
CW_015,24,Pseudotsuga menziesii,Live,0.019467961,15.748,11.61288,2.83464,DMC
CW_015,28,Pseudotsuga menziesii,Dead,0.019467961,15.748,9.69264,NA,DMC
CW_015,10,Pseudotsuga menziesii,Live,0.022060988,16.764,10.5156,5.6388,DMC
CW_015,17,Pseudotsuga menziesii,Live,0.023418276,17.272,11.52144,7.37616,DMC
CW_015,19,Pseudotsuga menziesii,Live,0.023418276,17.272,11.2776,2.83464,DMC
CW_015,21,Pseudotsuga menziesii,Live,0.024816079,17.78,8.382,0.9144,DMC
CW_015,9,Pseudotsuga menziesii,Live,0.026254399,18.288,12.6492,5.42544,DMC
CW_015,5,Pseudotsuga menziesii,Live,0.028487846,19.05,8.90016,0.51816,DMC
CW_015,18,Pinus ponderosa,Live,0.030027456,19.558,11.30808,5.6388,DMC
CW_015,29,Pseudotsuga menziesii,Live,0.030027456,19.558,11.55192,3.29184,DMC
CW_015,12,Pseudotsuga menziesii,Live,0.035735154,21.336,9.11352,2.25552,DMC
CW_015,14,Pseudotsuga menziesii,Live,0.035735154,21.336,10.78992,0.4572,DMC
CW_015,2,Pseudotsuga menziesii,Live,0.042865979,23.368,11.49096,2.34696,DMC
CW_015,15,Pseudotsuga menziesii,Live,0.042865979,23.368,12.13104,1.95072,DMC
CW_015,6,Pseudotsuga menziesii,Live,0.043802912,23.622,12.86256,4.02336,DMC
CW_015,11,Pseudotsuga menziesii,Live,0.047651937,24.638,15.27048,3.26136,DMC
CW_015,27,Pinus ponderosa,Live,0.047651937,24.638,13.38072,7.37616,DMC
CW_015,1,Pseudotsuga menziesii,Live,0.049637223,25.146,12.28344,1.2192,DMC
CW_015,7,Pseudotsuga menziesii,Live,0.05064506,25.4,15.33144,8.59536,DMC
CW_015,26,Pinus ponderosa,Live,0.05064506,25.4,15.33144,8.13816,DMC
CW_015,23,Pseudotsuga menziesii,Live,0.063529163,28.448,14.05128,0.85344,DMC
CW_015,25,Pseudotsuga menziesii,Live,0.072928886,30.48,9.72312,5.45592,DMC
CW_015,3,Pinus ponderosa,Live,0.106481239,36.83,16.18488,5.88264,DMC
CW_015,20,Pinus ponderosa,Live,0.10943891,37.338,11.1252,6.97992,DMC
CW_015,16,Pinus ponderosa,Live,0.162271837,45.466,17.80032,7.37616,DMC
CW_015,13,Pinus ponderosa,Live,0.251852819,56.642,22.098,5.82168,DMC
DC_LP_011,12,Pseudotsuga menziesii,Live,0.014226197,13.462,10.0584,2.7432,DMC
DC_LP_011,16,Pseudotsuga menziesii,Live,0.015320131,13.97,10.9728,2.1336,DMC
DC_LP_011,15,Pseudotsuga menziesii,Live,0.015882291,14.224,7.3152,1.524,DMC
DC_LP_011,11,Pseudotsuga menziesii,Live,0.01645458,14.478,10.0584,0.6096,DMC
DC_LP_011,29,Pseudotsuga menziesii,Live,0.01645458,14.478,9.144,2.1336,DMC
DC_LP_011,9,Pseudotsuga menziesii,Live,0.017036998,14.732,10.9728,1.524,DMC
DC_LP_011,14,Pseudotsuga menziesii,Live,0.017036998,14.732,5.4864,0.9144,DMC
DC_LP_011,27,Pseudotsuga menziesii,Live,0.017036998,14.732,12.8016,0.9144,DMC
DC_LP_011,18,Pseudotsuga menziesii,Live,0.018845027,15.494,10.0584,1.8288,DMC
DC_LP_011,8,Pseudotsuga menziesii,Dead,0.020744217,16.256,9.7536,NA,DMC
DC_LP_011,25,Pseudotsuga menziesii,Live,0.021397538,16.51,11.8872,3.6576,DMC
DC_LP_011,1,Pseudotsuga menziesii,Live,0.023418276,17.272,7.62,1.8288,DMC
DC_LP_011,7,Pseudotsuga menziesii,Live,0.026988752,18.542,13.716,0.3048,DMC
DC_LP_011,21,Pseudotsuga menziesii,Live,0.026988752,18.542,10.668,1.524,DMC
DC_LP_011,3,Pinus flexilis,Live,0.027733235,18.796,12.8016,3.6576,DMC
DC_LP_011,28,Pseudotsuga menziesii,Dead,0.030027456,19.558,14.0208,NA,DMC
DC_LP_011,17,Pseudotsuga menziesii,Live,0.032412838,20.32,13.716,4.572,DMC
DC_LP_011,20,Pinus flexilis,Live,0.040115952,22.606,13.716,3.048,DMC
DC_LP_011,24,Pseudotsuga menziesii,Live,0.051663026,25.654,18.288,5.4864,DMC
DC_LP_011,6,Pinus ponderosa,Dead,0.063529163,28.448,10.0584,NA,DMC
DC_LP_011,13,Pseudotsuga menziesii,Live,0.064668677,28.702,20.1168,7.62,DMC
DC_LP_011,23,Pseudotsuga menziesii,Live,0.066978092,29.21,21.0312,2.1336,DMC
DC_LP_011,22,Pinus ponderosa,Dead,0.071718469,30.226,19.2024,NA,DMC
DC_LP_011,19,Pseudotsuga menziesii,Live,0.074149432,30.734,18.288,5.1816,DMC
DC_LP_011,5,Pseudotsuga menziesii,Live,0.085590151,33.02,19.2024,4.572,DMC
DC_LP_011,30,Pseudotsuga menziesii,Live,0.093673103,34.544,18.288,3.6576,DMC
DC_LP_011,4,Pseudotsuga menziesii,Live,0.106481239,36.83,18.5928,3.048,DMC
DC_LP_011,2,Pseudotsuga menziesii,Live,0.121674757,39.37,15.8496,1.8288,DMC
DC_LP_011,26,Pinus ponderosa,Dead,0.123249818,39.624,9.144,NA,DMC
DC_LP_011,10,Pinus flexilis,Dead,0.126430328,40.132,18.8976,NA,DMC
DC_PP_001,5,Pinus ponderosa,Live,0.021397538,16.51,4.572,2.1336,DMC
DC_PP_001,4,Pinus ponderosa,Live,0.022734567,17.018,4.572,1.524,DMC
DC_PP_001,1,Pinus flexilis,Live,0.056904789,26.924,10.0584,2.1336,DMC
DC_PP_001,3,Pinus ponderosa,Live,0.064668677,28.702,14.6304,5.4864,DMC
DC_PP_001,2,Pinus ponderosa,Live,0.156878138,44.704,21.0312,3.6576,DMC
DC_PP_006,2,Pinus ponderosa,Live,0.030027456,19.558,9.4488,3.6576,DMC
DC_PP_006,7,Pinus ponderosa,Live,0.030027456,19.558,8.2296,1.2192,DMC
DC_PP_006,12,Pinus ponderosa,Live,0.031607582,20.066,7.62,1.524,DMC
DC_PP_006,1,Pinus ponderosa,Live,0.036591056,21.59,9.144,1.8288,DMC
DC_PP_006,6,Pinus ponderosa,Live,0.042865979,23.368,9.144,1.524,DMC
DC_PP_006,5,Pinus ponderosa,Live,0.043802912,23.622,9.144,1.2192,DMC
DC_PP_006,3,Pinus ponderosa,Live,0.047651937,24.638,10.3632,1.524,DMC
DC_PP_006,10,Pinus ponderosa,Live,0.049637223,25.146,9.144,2.4384,DMC
DC_PP_006,11,Pinus ponderosa,Live,0.053729344,26.162,12.192,1.8288,DMC
DC_PP_006,4,Pinus ponderosa,Live,0.054777697,26.416,10.0584,2.1336,DMC
DC_PP_006,8,Pinus ponderosa,Live,0.054777697,26.416,9.144,1.8288,DMC
DC_PP_006,9,Juniperus scopulorum,Live,0.102120699,36.068,3.048,0,DMC
DC_PP_010,2,Pinus ponderosa,Live,0.012661265,12.7,5.4864,0.3048,Pondo
DC_PP_010,1,Pinus ponderosa,Live,0.017629545,14.986,4.572,0.6096,Pondo
DC_PP_010,3,Pinus ponderosa,Live,0.026254399,18.288,7.3152,1.2192,Pondo
DC_PP_010,4,Pinus ponderosa,Live,0.229771573,54.102,15.24,3.048,Pondo
LJ_001,5,Pinus ponderosa,Live,0.037457086,21.844,18.288,8.9916,Pondo
LJ_001,6,Pinus ponderosa,Live,0.081685417,32.258,19.5072,6.7056,Pondo
LJ_001,3,Pinus ponderosa,Live,0.095055713,34.798,17.6784,6.7056,Pondo
LJ_001,4,Pinus ponderosa,Live,0.110932939,37.592,19.812,10.668,Pondo
LJ_001,2,Pinus ponderosa,Live,0.120109824,39.116,16.4592,6.7056,Pondo
LJ_001,1,Pinus ponderosa,Live,0.13127706,40.894,19.2024,5.1816,Pondo
LJ_001,7,Pinus ponderosa,Live,0.139557527,42.164,19.812,7.3152,Pondo
LJ_002,3,Pinus ponderosa,Live,0.120109824,39.116,21.0312,7.9248,Pondo
LJ_002,2,Pinus ponderosa,Live,0.139557527,42.164,22.86,7.62,Pondo
LJ_002,1,Pinus ponderosa,Live,0.141244008,42.418,21.9456,10.3632,Pondo
LJ_003,4,Pinus ponderosa,Live,0.084278444,32.766,18.5928,4.572,Pondo
LJ_003,3,Pinus ponderosa,Live,0.123249818,39.624,21.336,7.3152,Pondo
LJ_003,1,Pinus ponderosa,Live,0.124835008,39.878,20.4216,10.668,Pondo
LJ_003,2,Pinus ponderosa,Live,0.126430328,40.132,20.1168,8.8392,Pondo
N1_001,7,Pinus ponderosa,Live,0.01645458,14.478,10.8204,4.8768,Pondo
N1_001,9,Pinus ponderosa,Live,0.01645458,14.478,6.4008,1.6764,Pondo
N1_001,2,Pinus ponderosa,Live,0.027733235,18.796,9.7536,2.7432,Pondo
N1_001,5,Pinus ponderosa,Live,0.034889382,21.082,15.24,6.7056,Pondo
N1_001,8,Pinus ponderosa,Live,0.044749975,23.876,16.4592,7.0104,Pondo
N1_001,1,Pinus ponderosa,Live,0.060171396,27.686,15.24,6.096,Pondo
N1_001,4,Pinus ponderosa,Live,0.13455886,41.402,19.5072,7.62,Pondo
N1_001,3,Pinus ponderosa,Live,0.141244008,42.418,17.9832,11.5824,Pondo
N1_001,10,Pinus ponderosa,Live,0.14809122,43.434,13.4112,9.4488,Pondo
N1_001,6,Pinus ponderosa,Live,0.204611107,51.054,22.86,10.3632,Pondo
N1_002,2,Pinus ponderosa,Live,0.055836179,26.67,15.5448,10.668,Pondo
N1_002,11,Pinus ponderosa,Live,0.070518182,29.972,21.6408,13.1064,Pondo
N1_002,7,Pinus ponderosa,Live,0.085590151,33.02,18.5928,4.2672,Pondo
N1_002,1,Pinus ponderosa,Live,0.088243953,33.528,20.1168,5.1816,Pondo
N1_002,6,Pinus ponderosa,Live,0.124835008,39.878,24.384,8.5344,Pondo
N1_002,10,Pinus ponderosa,Live,0.126430328,40.132,23.4696,14.0208,Pondo
N1_002,9,Pinus ponderosa,Live,0.13455886,41.402,21.336,13.716,Pondo
N1_002,3,Pinus ponderosa,Live,0.156878138,44.704,21.6408,4.8768,Pondo
N1_002,4,Pinus ponderosa,Dead,0.165918281,45.974,21.0312,NA,Pondo
N1_002,5,Pinus ponderosa,Live,0.188647784,49.022,23.1648,11.5824,Pondo
N1_002,8,Pinus ponderosa,Live,0.282072726,59.944,24.0792,6.4008,Pondo
N1_003,2,Pinus ponderosa,Live,0.012661265,12.7,7.62,4.2672,Pondo
N1_003,3,Pinus ponderosa,Live,0.013694424,13.208,7.3152,0.9144,Pondo
N1_003,12,Pinus ponderosa,Live,0.01645458,14.478,6.4008,1.6764,Pondo
N1_003,8,Pinus ponderosa,Live,0.019467961,15.748,11.5824,4.572,Pondo
N1_003,7,Pinus ponderosa,Live,0.020101024,16.002,6.7056,1.6764,Pondo
N1_003,1,Pinus ponderosa,Live,0.037457086,21.844,18.288,9.7536,Pondo
N1_003,13,Pinus ponderosa,Live,0.042865979,23.368,17.9832,5.9436,Pondo
N1_003,4,Pinus ponderosa,Live,0.059072398,27.432,20.2692,3.3528,Pondo
N1_003,11,Pinus ponderosa,Live,0.074149432,30.734,17.6784,12.192,Pondo
N1_003,10,Pinus ponderosa,Live,0.092300622,34.29,14.478,6.096,Pondo
N1_003,6,Pinus ponderosa,Live,0.105017596,36.576,17.9832,4.2672,Pondo
N1_003,9,Pinus ponderosa,Live,0.115475801,38.354,21.9456,11.2776,Pondo
N1_003,5,Pinus ponderosa,Live,0.1789999,47.752,19.5072,10.3632,Pondo
N1_004,1,Pinus ponderosa,Live,0.060171396,27.686,11.2776,2.4384,Pondo
N1_004,3,Pinus ponderosa,Live,0.126430328,40.132,18.8976,8.2296,Pondo
N1_004,2,Pinus ponderosa,Live,0.165918281,45.974,21.6408,4.2672,Pondo
N1_005,5,Pinus ponderosa,Live,0.115475801,38.354,21.0312,7.3152,Pondo
N1_005,2,Pinus ponderosa,Live,0.129651354,40.64,20.1168,6.7056,Pondo
N1_005,4,Pinus ponderosa,Live,0.142940617,42.672,19.6596,7.9248,Pondo
N1_005,3,Pinus ponderosa,Live,0.1515756,43.942,21.336,4.4196,Pondo
N1_005,6,Pinus ponderosa,Live,0.167756697,46.228,21.6408,6.7056,Pondo
N1_005,1,Pinus ponderosa,Live,0.196548413,50.038,20.7264,5.9436,Pondo
N1_006,7,Pinus ponderosa,Live,0.027733235,18.796,9.7536,3.6576,Pondo
N1_006,9,Pinus ponderosa,Live,0.030027456,19.558,11.8872,4.2672,Pondo
N1_006,12,Pinus ponderosa,Live,0.030027456,19.558,11.8872,4.2672,Pondo
N1_006,17,Pinus ponderosa,Live,0.030812455,19.812,9.2964,3.3528,Pondo
N1_006,5,Pinus ponderosa,Live,0.034889382,21.082,12.8016,3.048,Pondo
N1_006,2,Pinus ponderosa,Live,0.037457086,21.844,16.4592,4.8768,Pondo
N1_006,8,Pinus ponderosa,Live,0.054777697,26.416,13.1064,7.0104,Pondo
N1_006,18,Pinus ponderosa,Live,0.081685417,32.258,20.1168,11.8872,Pondo
N1_006,3,Pinus ponderosa,Live,0.086911987,33.274,14.0208,4.8768,Pondo
N1_006,10,Pinus ponderosa,Live,0.086911987,33.274,22.5552,6.096,Pondo
N1_006,11,Pinus ponderosa,Live,0.086911987,33.274,22.5552,6.096,Pondo
N1_006,16,Pinus ponderosa,Live,0.100687444,35.814,20.1168,9.7536,Pondo
N1_006,13,Pinus ponderosa,Live,0.123249818,39.624,22.2504,14.3256,Pondo
N1_006,1,Pinus ponderosa,Live,0.124835008,39.878,20.4216,5.7912,Pondo
N1_006,4,Pinus ponderosa,Live,0.128035776,40.386,19.2024,5.1816,Pondo
N1_006,14,Pinus ponderosa,Live,0.132912895,41.148,21.4884,6.858,Pondo
N1_006,15,Pinus ponderosa,Live,0.132912895,41.148,24.0792,14.1732,Pondo
N1_006,6,Pinus ponderosa,Live,0.1789999,47.752,23.1648,11.1252,Pondo
N1_007,2,Pinus ponderosa,Live,0.012661265,12.7,8.2296,1.3716,Pondo
N1_007,1,Pinus ponderosa,Live,0.01317278,12.954,7.62,1.9812,Pondo
N1_007,8,Pinus ponderosa,Live,0.015320131,13.97,7.62,1.8288,Pondo
N1_007,3,Pinus ponderosa,Live,0.01645458,14.478,6.88848,1.524,Pondo
N1_007,7,Pinus ponderosa,Live,0.017629545,14.986,9.7536,2.4384,Pondo
N1_007,6,Pinus ponderosa,Live,0.018845027,15.494,8.0772,1.6764,Pondo
N1_007,4,Pinus ponderosa,Live,0.024816079,17.78,7.0104,2.286,Pondo
N1_007,5,Pinus ponderosa,Live,0.162271837,45.466,21.6408,8.2296,Pondo
RM_001,1,Pinus ponderosa,Live,0.099264318,35.56,13.50264,2.01168,Pondo
RM_001,2,Pinus ponderosa,Live,0.272591971,58.928,15.51432,1.28016,Pondo
RM_002,1,Pinus ponderosa,Live,0.52510824,81.788,15.27048,3.53568,Pondo
RM_003,1,Pinus ponderosa,Live,0.029252587,19.304,9.72312,3.07848,Pondo
RM_003,4,Pinus ponderosa,Live,0.041939174,23.114,9.78408,2.68224,Pondo
RM_003,3,Pinus ponderosa,Live,0.057983529,27.178,12.43584,3.71856,Pondo
RM_003,8,Pinus ponderosa,Live,0.057983529,27.178,13.83792,2.62128,Pondo
RM_003,5,Pinus ponderosa,Live,0.084278444,32.766,12.58824,4.63296,Pondo
RM_003,2,Pinus ponderosa,Live,0.085590151,33.02,12.28344,4.20624,Pondo
RM_003,6,Pinus ponderosa,Live,0.106481239,36.83,13.53312,2.286,Pondo
RM_003,7,Pinus ponderosa,Live,0.129651354,40.64,16.97736,4.90728,Pondo
RM_003,9,Pinus ponderosa,Live,0.144647356,42.926,13.99032,2.16408,Pondo
RM_003,11,Pinus ponderosa,Live,0.149828346,43.688,15.6972,2.04216,Pondo
RM_004,4,Pinus ponderosa,Live,0.068147993,29.464,11.82624,2.65176,Pondo
RM_004,3,Pinus ponderosa,Live,0.099264318,35.56,11.00328,2.37744,Pondo
RM_004,2,Pinus ponderosa,Live,0.129651354,40.64,12.37488,3.47472,Pondo
RM_004,6,Pinus ponderosa,Live,0.156878138,44.704,12.92352,5.88264,Pondo
RM_004,1,Pinus ponderosa,Live,0.165918281,45.974,12.77112,3.16992,Pondo
RM_004,5,Pinus ponderosa,Live,0.339732127,65.786,16.36776,3.26136,Pondo
RM_005,13,Pinus ponderosa,Live,0.015882291,14.224,6.94944,2.1336,Pondo
RM_005,10,Pinus ponderosa,Live,0.024816079,17.78,7.22376,1.95072,Pondo
RM_005,8,Pinus ponderosa,Live,0.025530175,18.034,8.2296,2.46888,Pondo
RM_005,1,Pinus ponderosa,Live,0.035735154,21.336,8.8392,2.56032,Pondo
RM_005,9,Pinus ponderosa,Live,0.044749975,23.876,13.35024,3.99288,Pondo
RM_005,11,Pinus ponderosa,Live,0.060171396,27.686,9.906,4.45008,Pondo
RM_005,3,Pinus ponderosa,Live,0.066978092,29.21,12.71016,2.98704,Pondo
RM_005,6,Pinus ponderosa,Live,0.066978092,29.21,8.35152,1.49352,Pondo
RM_005,12,Pinus ponderosa,Live,0.072928886,30.48,15.42288,3.71856,Pondo
RM_005,5,Pinus ponderosa,Live,0.084278444,32.766,11.30808,2.25552,Pondo
RM_005,7,Pinus ponderosa,Live,0.128035776,40.386,15.05712,2.71272,Pondo
RM_005,4,Pinus ponderosa,Live,0.267912367,58.42,17.25168,3.53568,Pondo
RM_005,2,Pinus ponderosa,Live,0.294151573,61.214,19.32432,3.47472,Pondo
RM_006,3,Pinus ponderosa,Live,0.015882291,14.224,6.64464,1.03632,DMC
RM_006,7,Pseudotsuga menziesii,Live,0.018232222,15.24,6.7056,0.1524,DMC
RM_006,6,Pinus ponderosa,Live,0.021397538,16.51,6.73608,1.95072,DMC
RM_006,4,Pinus ponderosa,Live,0.022734567,17.018,6.33984,1.3716,DMC
RM_006,2,Pinus ponderosa,Live,0.072928886,30.48,12.98448,1.3716,DMC
RM_006,1,Pinus ponderosa,Live,0.093673103,34.544,12.6492,1.43256,DMC
RM_006,5,Pinus ponderosa,Live,0.17521165,47.244,16.4592,3.01752,DMC
RM_007,6,Pinus ponderosa,Dead,0.041939174,23.114,6.30936,NA,Pondo
RM_007,2,Pinus ponderosa,Live,0.053729344,26.162,4.90728,2.37744,Pondo
RM_007,1,Pinus ponderosa,Live,0.096448452,35.052,14.9352,3.9624,Pondo
RM_007,5,Pinus ponderosa,Live,0.146364223,43.18,18.86712,2.46888,Pondo
RM_007,3,Pinus ponderosa,Live,0.155100496,44.45,15.60576,3.23088,Pondo
RM_007,4,Pinus ponderosa,Live,0.1789999,47.752,4.51104,2.52984,Pondo
RM_008,5,Pinus ponderosa,Live,0.028487846,19.05,8.9916,2.4384,Pondo
RM_008,4,Pinus ponderosa,Live,0.043802912,23.622,12.92352,2.65176,Pondo
RM_008,3,Pinus ponderosa,Live,0.062399778,28.194,13.68552,2.40792,Pondo
RM_008,2,Pinus ponderosa,Live,0.066978092,29.21,12.40536,4.99872,Pondo
RM_008,8,Pinus ponderosa,Live,0.069328023,29.718,11.49096,3.048,Pondo
RM_008,7,Pinus ponderosa,Live,0.099264318,35.56,12.16152,3.9624,Pondo
RM_008,6,Pinus ponderosa,Live,0.190607748,49.276,16.3068,2.98704,Pondo
RM_008,1,Pinus ponderosa,Live,0.270247105,58.674,17.0688,2.68224,Pondo
RM_009,4,Pinus ponderosa,Live,0.190607748,49.276,17.92224,3.62712,Pondo
RM_009,3,Pinus ponderosa,Live,0.256390616,57.15,18.7452,4.1148,Pondo
RM_009,1,Pinus ponderosa,Live,0.272591971,58.928,16.39824,4.48056,Pondo
RM_009,2,Pinus ponderosa,Live,0.286873878,60.452,17.19072,3.47472,Pondo
RM_010,2,Pinus ponderosa,Live,0.062399778,28.194,9.02208,1.9812,Pondo
RM_010,3,Pinus ponderosa,Live,0.086911987,33.274,10.3632,2.19456,Pondo
RM_010,1,Pinus ponderosa,Live,0.120109824,39.116,10.9728,2.07264,Pondo
RM_010,4,Pinus ponderosa,Live,0.200559502,50.546,16.21536,3.44424,Pondo
RM_011,2,Pinus ponderosa,Live,0.212835865,52.07,13.07592,2.07264,Pondo
RM_011,1,Pinus ponderosa,Live,0.369202487,68.58,11.8872,2.46888,Pondo
RM_012,1,Pseudotsuga menziesii,Live,0.035735154,21.336,9.84504,0,DMC
RM_012,4,Pinus ponderosa,Live,0.106481239,36.83,12.4968,2.37744,DMC
RM_012,3,Pinus ponderosa,Live,0.136214953,41.656,13.89888,2.49936,DMC
RM_012,2,Pinus ponderosa,Live,0.17521165,47.244,17.00784,2.52984,DMC
RM_013,6,Pinus ponderosa,Live,0.072928886,30.48,11.24712,1.88976,Pondo
RM_013,2,Pinus ponderosa,Live,0.120109824,39.116,15.36192,5.85216,Pondo
RM_013,3,Pinus ponderosa,Live,0.142940617,42.672,15.11808,2.10312,Pondo
RM_013,5,Pinus ponderosa,Live,0.158665908,44.958,17.70888,3.10896,Pondo
RM_013,1,Pinus ponderosa,Live,0.17710071,47.498,14.59992,3.71856,Pondo
RM_013,4,Pinus ponderosa,Live,0.184758243,48.514,15.24,2.4384,Pondo
RM_014,3,Pinus ponderosa,Live,0.015882291,14.224,6.94944,2.56032,Pondo
RM_014,4,Pinus ponderosa,Live,0.015882291,14.224,8.29056,5.30352,Pondo
RM_014,9,Pinus ponderosa,Live,0.024112113,17.526,5.91312,2.19456,Pondo
RM_014,8,Pinus ponderosa,Live,0.025530175,18.034,10.54608,4.20624,Pondo
RM_014,7,Pinus ponderosa,Live,0.028487846,19.05,10.33272,2.92608,Pondo
RM_014,6,Pinus ponderosa,Live,0.029252587,19.304,11.55192,3.32232,Pondo
RM_014,10,Pinus ponderosa,Live,0.029252587,19.304,9.41832,2.40792,Pondo
RM_014,5,Pinus ponderosa,Live,0.032412838,20.32,5.57784,2.80416,Pondo
RM_014,1,Pinus ponderosa,Live,0.139557527,42.164,13.59408,2.04216,Pondo
RM_014,2,Pinus ponderosa,Live,0.294151573,61.214,18.01368,2.10312,Pondo
RM_015,6,Pinus ponderosa,Live,0.056904789,26.924,15.27048,2.65176,Pondo
RM_015,5,Pinus ponderosa,Live,0.059072398,27.432,13.68552,4.05384,Pondo
RM_015,7,Pinus ponderosa,Live,0.071718469,30.226,13.4112,3.38328,Pondo
RM_015,4,Pinus ponderosa,Live,0.089586047,33.782,11.94816,2.286,Pondo
RM_015,3,Pinus ponderosa,Live,0.129651354,40.64,14.44752,3.41376,Pondo
RM_015,1,Pinus ponderosa,Live,0.17710071,47.498,13.68552,3.5052,Pondo
RM_015,2,Pinus ponderosa,Live,0.219110788,52.832,17.73936,3.68808,Pondo
RM_015,8,Pinus ponderosa,Live,0.355654934,67.31,17.0688,3.62712,Pondo
SC_U1_009,1,Pinus ponderosa,Live,0.022734567,17.018,5.12064,0.6096,Pondo
SC_U1_009,2,Pinus ponderosa,Live,0.137881176,41.91,12.86256,3.90144,Pondo
SC_U1_010,1,Pinus ponderosa,Live,0.06581832,28.956,10.3632,1.88976,Pondo
SC_U1_010,2,Pinus ponderosa,Live,0.05064506,25.4,9.41832,2.65176,Pondo
SC_U1_010,3,Pinus ponderosa,Live,0.120109824,39.116,13.16736,3.44424,Pondo
SC_U1_010,4,Pinus ponderosa,Live,0.027733235,18.796,7.13232,0.51816,Pondo
SC_U2_008,1,Pseudotsuga menziesii,Live,0.020101024,16.002,7.68096,0,DMC
SC_U2_008,2,Pseudotsuga menziesii,Live,0.038333246,22.098,7.37616,0,DMC
SC_U2_008,3,Pinus ponderosa,Live,0.084278444,32.766,14.14272,4.81584,DMC
SC_U2_008,4,Pinus ponderosa,Live,0.092300622,34.29,11.7348,5.4864,DMC
SC_U2_008,5,Pinus ponderosa,Live,0.123249818,39.624,13.74648,3.38328,DMC
SC_U2_009,1,Pinus ponderosa,Live,0.045707167,24.13,8.8392,1.15824,Pondo
SC_U2_009,2,Pinus ponderosa,Live,0.029252587,19.304,7.34568,1.18872,Pondo
SC_U2_009,3,Pinus ponderosa,Live,0.032412838,20.32,7.89432,1.03632,Pondo
SC_U2_009,4,Pinus ponderosa,Live,0.022060988,16.764,9.26592,1.76784,Pondo
SC_U2_009,5,Pinus ponderosa,Live,0.070518182,29.972,14.11224,3.41376,Pondo
SC_U2_009,6,Pinus ponderosa,Live,0.024816079,17.78,7.74192,1.61544,Pondo
SC_U2_009,7,Pinus ponderosa,Live,0.069328023,29.718,15.57528,3.01752,Pondo
SC_U2_009,8,Pinus ponderosa,Live,0.051663026,25.654,10.0584,1.76784,Pondo
SC_U2_009,9,Pinus ponderosa,Live,0.102120699,36.068,16.94688,3.68808,Pondo
SC_U2_009,10,Pinus ponderosa,Live,0.13127706,40.894,18.07464,3.71856,Pondo
SC_U2_009,11,Pinus ponderosa,Live,0.077871844,31.496,13.16736,4.63296,Pondo
SC_U2_009,12,Pinus ponderosa,Live,0.124835008,39.878,16.79448,3.29184,Pondo
SC_U2_009,13,Pinus ponderosa,Live,0.126430328,40.132,15.17904,2.8956,Pondo
SC_U2_010,1,Pinus ponderosa,Live,0.022734567,17.018,7.19328,1.24968,Pondo
SC_U2_010,2,Pinus ponderosa,Live,0.033228224,20.574,7.62,2.31648,Pondo
SC_U2_010,3,Pinus ponderosa,Live,0.041022499,22.86,7.83336,2.01168,Pondo
SC_U2_010,4,Pinus ponderosa,Live,0.129651354,40.64,15.91056,3.68808,Pondo
SC_U2_010,5,Pinus ponderosa,Live,0.167756697,46.228,14.84376,1.8288,Pondo
SC_U3_007,1,Pinus ponderosa,Live,0.01317278,12.954,9.47928,7.28472,DMC
SC_U3_007,2,Pinus ponderosa,Dead,0.013694424,13.208,6.46176,NA,DMC
SC_U3_007,3,Pinus ponderosa,Live,0.014768099,13.716,5.7912,1.64592,DMC
SC_U3_007,4,Pseudotsuga menziesii,Live,0.015320131,13.97,5.9436,1.6764,DMC
SC_U3_007,5,Pinus ponderosa,Live,0.017629545,14.986,7.89432,4.90728,DMC
SC_U3_007,6,Pinus ponderosa,Live,0.022060988,16.764,9.78408,6.73608,DMC
SC_U3_007,7,Pinus ponderosa,Live,0.026254399,18.288,7.71144,3.53568,DMC
SC_U3_007,8,Pseudotsuga menziesii,Dead,0.026988752,18.542,8.96112,NA,DMC
SC_U3_007,9,Pinus ponderosa,Live,0.031607582,20.066,7.25424,3.5052,DMC
SC_U3_007,10,Pinus ponderosa,Live,0.042865979,23.368,8.8392,2.83464,DMC
SC_U3_007,11,Pinus contorta,Live,0.05064506,25.4,10.48512,1.55448,DMC
SC_U3_007,12,Pinus ponderosa,Live,0.05064506,25.4,12.10056,4.02336,DMC
SC_U3_007,13,Pinus ponderosa,Live,0.059072398,27.432,9.17448,2.1336,DMC
SC_U3_007,14,Pinus ponderosa,Live,0.064668677,28.702,11.64336,2.83464,DMC
SC_U3_007,15,Pinus ponderosa,Live,0.080404097,32.004,10.75944,3.53568,DMC
SC_U3_007,16,Pinus ponderosa,Live,0.085590151,33.02,12.55776,0.3048,DMC
SC_U3_007,17,Pseudotsuga menziesii,Live,0.09093827,34.036,11.85672,5.05968,DMC
SC_U3_008,1,Pinus contorta,Dead,0.063529163,28.448,12.86256,NA,DMC
SC_U3_008,2,Pinus ponderosa,Live,0.056904789,26.924,10.85088,1.28016,DMC
SC_U3_008,3,Pseudotsuga menziesii,Live,0.018845027,15.494,7.04088,0.3048,DMC
SC_U3_008,4,Pseudotsuga menziesii,Live,0.017629545,14.986,7.49808,1.55448,DMC
SC_U3_008,5,Pinus ponderosa,Live,0.015882291,14.224,6.49224,1.3716,DMC
SC_U3_008,6,Pseudotsuga menziesii,Live,0.015882291,14.224,11.82624,1.9812,DMC
SC_U3_008,7,Pinus contorta,Live,0.01317278,12.954,4.96824,0.24384,DMC
SC_U3_009,1,Pinus ponderosa,Live,0.024112113,17.526,9.66216,1.55448,DMC
SC_U3_009,2,Pinus ponderosa,Live,0.071718469,30.226,12.13104,4.51104,DMC
SC_U3_009,3,Pinus ponderosa,Live,0.074149432,30.734,12.07008,6.15696,DMC
SC_U3_009,4,Pinus ponderosa,Live,0.030812455,19.812,12.52728,4.29768,DMC
SC_U3_009,5,Pseudotsuga menziesii,Live,0.013694424,13.208,6.858,1.524,DMC
SC_U3_009,6,Pinus contorta,Live,0.056904789,26.924,11.18616,3.3528,DMC
SC_U3_009,7,Pinus ponderosa,Live,0.039219534,22.352,11.06424,5.0292,DMC
SC_U3_009,8,Pinus ponderosa,Live,0.075380107,30.988,10.668,5.09016,DMC
SC_U3_009,9,Pinus ponderosa,Live,0.020744217,16.256,9.7536,3.23088,DMC
SC_U3_009,10,Pinus ponderosa,Live,0.021397538,16.51,8.16864,1.43256,DMC
SC_U3_009,11,Pinus ponderosa,Live,0.046674487,24.384,13.59408,2.40792,DMC
SC_U3_009,12,Pinus ponderosa,Live,0.05064506,25.4,12.4968,6.18744,DMC
SC_U3_009,13,Pinus ponderosa,Live,0.047651937,24.638,9.17448,1.95072,DMC
SC_U3_009,14,Pinus ponderosa,Live,0.056904789,26.924,10.85088,1.70688,DMC
SC_U3_009,15,Pinus ponderosa,Live,0.05064506,25.4,14.11224,5.30352,DMC
SC_U3_009,16,Pinus ponderosa,Live,0.055836179,26.67,12.89304,7.10184,DMC
SC_U3_009,17,Pinus ponderosa,Live,0.074149432,30.734,14.23416,4.81584,DMC
SC_U3_009,18,Pinus ponderosa,Live,0.030812455,19.812,11.30808,3.01752,DMC
SC_U3_010,1,Pinus ponderosa,Live,0.051663026,25.654,11.39952,1.49352,DMC
SC_U3_010,2,Pinus ponderosa,Live,0.021397538,16.51,8.16864,1.64592,DMC
SC_U3_010,3,Pinus ponderosa,Live,0.041939174,23.114,10.24128,2.19456,DMC
SC_U3_010,4,Pinus ponderosa,Live,0.071718469,30.226,12.28344,2.10312,DMC
SC_U3_010,5,Pinus ponderosa,Live,0.057983529,27.178,12.954,3.10896,DMC
SC_U3_010,6,Pseudotsuga menziesii,Live,0.022734567,17.018,7.71144,0.1524,DMC
SC_U3_010,7,Pinus ponderosa,Live,0.033228224,20.574,10.42416,5.69976,DMC
SC_U3_010,8,Pinus ponderosa,Live,0.036591056,21.59,9.81456,2.4384,DMC
SC_U3_010,9,Pinus ponderosa,Live,0.029252587,19.304,10.18032,3.3528,DMC
SC_U3_010,10,Pinus ponderosa,Live,0.026988752,18.542,9.81456,3.74904,DMC
SC_U3_010,11,Pseudotsuga menziesii,Live,0.01317278,12.954,5.4864,0.3048,DMC
SC_U3_010,12,Pinus ponderosa,Live,0.088243953,33.528,11.8872,2.37744,DMC
SC_U3_010,13,Pinus ponderosa,Live,0.062399778,28.194,12.58824,3.16992,DMC
SC_U3_010,14,Pinus ponderosa,Live,0.047651937,24.638,11.21664,3.53568,DMC
SC_U3_010,15,Pinus ponderosa,Live,0.05269112,25.908,12.71016,5.66928,DMC
SC_U3_010,16,Pinus ponderosa,Live,0.053729344,26.162,10.18032,1.6764,DMC
SC_U3_010,17,Pinus ponderosa,Live,0.113951385,38.1,15.5448,6.12648,DMC
SC_U3_010,18,Pinus ponderosa,Live,0.024816079,17.78,9.54024,2.07264,DMC
SC_U3_010,19,Pinus ponderosa,Live,0.071718469,30.226,10.39368,2.8956,DMC
SC_U3_010,20,Pseudotsuga menziesii,Live,0.031607582,20.066,8.86968,0.4572,DMC
SC_U3_010,21,Pinus ponderosa,Live,0.026988752,18.542,7.9248,2.4384,DMC
SC_U3_010,22,Pinus ponderosa,Live,0.054777697,26.416,9.99744,2.25552,DMC
SC_U3_010,23,Pseudotsuga menziesii,Live,0.022060988,16.764,8.9916,0.3048,DMC
SC_U3_010,24,Pinus ponderosa,Live,0.031607582,20.066,11.03376,2.80416,DMC
SC_U3_010,25,Pinus ponderosa,Live,0.042865979,23.368,7.89432,1.46304,DMC
SC_U3_010,26,Pinus ponderosa,Live,0.046674487,24.384,9.17448,2.4384,DMC
SR_CC_MX_002,17,Pinus ponderosa,Live,0.01317278,12.954,7.3152,2.4384,DMC
SR_CC_MX_002,6,Pinus ponderosa,Live,0.014226197,13.462,10.9728,2.1336,DMC
SR_CC_MX_002,7,Pinus ponderosa,Live,0.015320131,13.97,6.4008,3.6576,DMC
SR_CC_MX_002,18,Pinus ponderosa,Live,0.015320131,13.97,11.8872,2.7432,DMC
SR_CC_MX_002,22,Pinus ponderosa,Live,0.015320131,13.97,7.3152,2.7432,DMC
SR_CC_MX_002,14,Pinus ponderosa,Live,0.017036998,14.732,8.2296,4.572,DMC
SR_CC_MX_002,25,Pinus ponderosa,Live,0.017629545,14.986,8.2296,4.572,DMC
SR_CC_MX_002,13,Pinus ponderosa,Live,0.020101024,16.002,8.2296,3.6576,DMC
SR_CC_MX_002,20,Pinus ponderosa,Live,0.021397538,16.51,8.2296,4.572,DMC
SR_CC_MX_002,5,Pinus ponderosa,Dead,0.028487846,19.05,8.2296,NA,DMC
SR_CC_MX_002,15,Pinus ponderosa,Live,0.036591056,21.59,14.6304,10.0584,DMC
SR_CC_MX_002,10,Pinus ponderosa,Live,0.037457086,21.844,15.5448,10.9728,DMC
SR_CC_MX_002,12,Pinus ponderosa,Dead,0.037457086,21.844,10.9728,NA,DMC
SR_CC_MX_002,11,Pinus ponderosa,Live,0.057983529,27.178,16.4592,5.4864,DMC
SR_CC_MX_002,24,Pinus ponderosa,Live,0.059072398,27.432,17.3736,9.144,DMC
SR_CC_MX_002,23,Pseudotsuga menziesii,Dead,0.060171396,27.686,4.572,NA,DMC
SR_CC_MX_002,4,Pinus ponderosa,Live,0.062399778,28.194,13.716,5.4864,DMC
SR_CC_MX_002,9,Pinus ponderosa,Live,0.068147993,29.464,15.5448,5.4864,DMC
SR_CC_MX_002,19,Pinus ponderosa,Live,0.068147993,29.464,18.288,9.144,DMC
SR_CC_MX_002,2,Pinus ponderosa,Live,0.072928886,30.48,16.4592,9.144,DMC
SR_CC_MX_002,8,Pinus ponderosa,Live,0.080404097,32.004,17.3736,10.0584,DMC
SR_CC_MX_002,16,Pinus ponderosa,Live,0.09093827,34.036,18.288,9.144,DMC
SR_CC_MX_002,1,Pinus ponderosa,Live,0.112437098,37.846,18.288,11.8872,DMC
SR_CC_MX_002,21,Pinus ponderosa,Live,0.13127706,40.894,20.1168,10.9728,DMC
SR_CC_MX_002,26,Juniperus scopulorum,Live,0.146364223,43.18,13.716,2.7432,DMC
SR_CC_MX_002,3,Pinus ponderosa,Live,0.149828346,43.688,21.0312,10.0584,DMC
SR_CC_MX_003,18,Juniperus scopulorum,Live,0.015882291,14.224,6.4008,1.8288,DMC
SR_CC_MX_003,12,Pinus ponderosa,Live,0.020744217,16.256,10.9728,3.6576,DMC
SR_CC_MX_003,8,Pinus ponderosa,Live,0.030027456,19.558,14.6304,5.4864,DMC
SR_CC_MX_003,13,Pinus ponderosa,Live,0.035735154,21.336,15.24,12.8016,DMC
SR_CC_MX_003,3,Pinus ponderosa,Dead,0.041022499,22.86,9.144,NA,DMC
SR_CC_MX_003,7,Pinus ponderosa,Live,0.06581832,28.956,20.1168,10.0584,DMC
SR_CC_MX_003,5,Pinus ponderosa,Live,0.066978092,29.21,17.3736,8.2296,DMC
SR_CC_MX_003,17,Pinus ponderosa,Live,0.075380107,30.988,18.288,10.0584,DMC
SR_CC_MX_003,11,Pinus ponderosa,Live,0.081685417,32.258,18.288,12.8016,DMC
SR_CC_MX_003,10,Pinus ponderosa,Live,0.084278444,32.766,17.3736,10.9728,DMC
SR_CC_MX_003,19,Pinus ponderosa,Live,0.096448452,35.052,19.2024,8.2296,DMC
SR_CC_MX_003,16,Pinus ponderosa,Live,0.099264318,35.56,17.3736,7.3152,DMC
SR_CC_MX_003,1,Pinus ponderosa,Live,0.105017596,36.576,20.1168,10.0584,DMC
SR_CC_MX_003,15,Pinus ponderosa,Live,0.113951385,38.1,18.288,10.0584,DMC
SR_CC_MX_003,6,Pinus ponderosa,Live,0.117010347,38.608,21.0312,10.0584,DMC
SR_CC_MX_003,2,Pinus ponderosa,Live,0.14809122,43.434,20.1168,4.572,DMC
SR_CC_MX_003,14,Pinus ponderosa,Live,0.1515756,43.942,21.9456,11.8872,DMC
SR_CC_MX_003,9,Pinus ponderosa,Live,0.165918281,45.974,21.0312,11.8872,DMC
SR_CC_MX_003,4,Pinus ponderosa,Live,0.206652103,51.308,23.7744,9.144,DMC
SR_CC_MX_005,5,Pinus ponderosa,Live,0.025530175,18.034,8.2296,2.7432,Pondo
SR_CC_MX_005,3,Pinus ponderosa,Live,0.086911987,33.274,14.6304,5.4864,Pondo
SR_CC_MX_005,1,Pinus ponderosa,Live,0.096448452,35.052,14.6304,2.7432,Pondo
SR_CC_MX_005,2,Pinus ponderosa,Live,0.10943891,37.338,12.192,3.6576,Pondo
SR_CC_MX_005,4,Pinus ponderosa,Live,0.10943891,37.338,12.8016,4.572,Pondo
SR_CC_MX_006,17,Pinus ponderosa,Live,0.037457086,21.844,10.0584,5.4864,Pondo
SR_CC_MX_006,7,Pinus ponderosa,Live,0.041022499,22.86,15.5448,6.4008,Pondo
SR_CC_MX_006,1,Pinus ponderosa,Live,0.044749975,23.876,12.8016,3.6576,Pondo
SR_CC_MX_006,14,Pinus ponderosa,Live,0.049637223,25.146,14.6304,2.7432,Pondo
SR_CC_MX_006,8,Pinus ponderosa,Live,0.055836179,26.67,18.288,11.8872,Pondo
SR_CC_MX_006,13,Pinus ponderosa,Live,0.056904789,26.924,13.716,8.2296,Pondo
SR_CC_MX_006,18,Pinus ponderosa,Live,0.064668677,28.702,16.4592,7.3152,Pondo
SR_CC_MX_006,11,Pinus ponderosa,Live,0.066978092,29.21,15.5448,11.8872,Pondo
SR_CC_MX_006,3,Pinus ponderosa,Live,0.074149432,30.734,16.4592,8.2296,Pondo
SR_CC_MX_006,16,Pinus ponderosa,Live,0.074149432,30.734,16.4592,7.3152,Pondo
SR_CC_MX_006,9,Pinus ponderosa,Live,0.075380107,30.988,19.2024,9.144,Pondo
SR_CC_MX_006,15,Pinus ponderosa,Live,0.088243953,33.528,18.288,8.2296,Pondo
SR_CC_MX_006,2,Pinus ponderosa,Live,0.100687444,35.814,18.288,6.4008,Pondo
SR_CC_MX_006,6,Pinus ponderosa,Live,0.102120699,36.068,16.4592,5.4864,Pondo
SR_CC_MX_006,12,Pinus ponderosa,Live,0.105017596,36.576,18.288,13.716,Pondo
SR_CC_MX_006,19,Pinus ponderosa,Live,0.121674757,39.37,16.4592,7.3152,Pondo
SR_CC_MX_006,10,Pinus ponderosa,Live,0.124835008,39.878,20.1168,7.3152,Pondo
SR_CC_MX_006,4,Pinus ponderosa,Live,0.129651354,40.64,16.4592,2.7432,Pondo
SR_CC_MX_006,5,Pinus ponderosa,Live,0.1515756,43.942,16.4592,7.3152,Pondo
SR_SM_MX_001,1,Pseudotsuga menziesii,Live,0.017629545,14.986,5.4864,0.6096,DMC
SR_SM_MX_001,3,Pseudotsuga menziesii,Live,0.018845027,15.494,7.62,1.524,DMC
SR_SM_MX_001,2,Pseudotsuga menziesii,Live,0.022060988,16.764,7.3152,0,DMC
SR_SM_MX_001,4,Pseudotsuga menziesii,Live,0.022060988,16.764,7.3152,0.6096,DMC
SR_SM_MX_002,13,Pinus ponderosa,Live,0.014768099,13.716,7.3152,3.6576,DMC
SR_SM_MX_002,15,Pinus ponderosa,Live,0.017629545,14.986,5.4864,1.8288,DMC
SR_SM_MX_002,14,Pinus ponderosa,Live,0.018232222,15.24,10.0584,4.572,DMC
SR_SM_MX_002,2,Pinus ponderosa,Live,0.022060988,16.764,9.144,5.4864,DMC
SR_SM_MX_002,7,Pinus ponderosa,Live,0.026988752,18.542,7.3152,0.6096,DMC
SR_SM_MX_002,3,Pinus ponderosa,Live,0.034053738,20.828,8.2296,3.6576,DMC
SR_SM_MX_002,5,Pinus ponderosa,Live,0.038333246,22.098,8.2296,4.572,DMC
SR_SM_MX_002,16,Pseudotsuga menziesii,Dead,0.038333246,22.098,8.2296,NA,DMC
SR_SM_MX_002,10,Pinus ponderosa,Live,0.039219534,22.352,10.0584,5.4864,DMC
SR_SM_MX_002,4,Pinus ponderosa,Live,0.042865979,23.368,8.2296,3.6576,DMC
SR_SM_MX_002,20,Pinus ponderosa,Live,0.048639516,24.892,8.2296,3.6576,DMC
SR_SM_MX_002,11,Pinus ponderosa,Live,0.056904789,26.924,12.8016,1.8288,DMC
SR_SM_MX_002,17,Pinus ponderosa,Live,0.056904789,26.924,10.9728,3.6576,DMC
SR_SM_MX_002,12,Pinus ponderosa,Dead,0.060171396,27.686,11.8872,NA,DMC
SR_SM_MX_002,6,Pinus ponderosa,Live,0.063529163,28.448,10.9728,4.572,DMC
SR_SM_MX_002,1,Pseudotsuga menziesii,Live,0.084278444,32.766,13.716,1.8288,DMC
SR_SM_MX_002,8,Pinus ponderosa,Live,0.09093827,34.036,12.8016,1.8288,DMC
SR_SM_MX_002,18,Pseudotsuga menziesii,Dead,0.112437098,37.846,15.5448,NA,DMC
SR_SM_MX_002,19,Pseudotsuga menziesii,Live,0.118555021,38.862,12.8016,1.2192,DMC
SR_SM_MX_002,9,Pseudotsuga menziesii,Live,0.13455886,41.402,14.6304,0,DMC
SR_SM_MX_003,3,Pseudotsuga menziesii,Live,0.017629545,14.986,10.0584,0.6096,DMC
SR_SM_MX_003,8,Pinus ponderosa,Dead,0.018845027,15.494,6.4008,NA,DMC
SR_SM_MX_003,5,Pseudotsuga menziesii,Live,0.020744217,16.256,14.6304,9.144,DMC
SR_SM_MX_003,12,Pinus ponderosa,Dead,0.028487846,19.05,9.144,NA,DMC
SR_SM_MX_003,7,Pinus ponderosa,Live,0.037457086,21.844,14.6304,9.144,DMC
SR_SM_MX_003,13,Pinus ponderosa,Live,0.041022499,22.86,11.8872,7.62,DMC
SR_SM_MX_003,14,Pinus ponderosa,Live,0.046674487,24.384,14.6304,5.4864,DMC
SR_SM_MX_003,10,Juniperus scopulorum,Live,0.051663026,25.654,9.144,1.524,DMC
SR_SM_MX_003,16,other softwood,Dead,0.053729344,26.162,2.1336,NA,DMC
SR_SM_MX_003,2,Pinus ponderosa,Live,0.055836179,26.67,10.9728,7.3152,DMC
SR_SM_MX_003,6,Pinus ponderosa,Live,0.062399778,28.194,14.3256,8.2296,DMC
SR_SM_MX_003,11,Pinus ponderosa,Dead,0.064668677,28.702,10.0584,NA,DMC
SR_SM_MX_003,4,Pinus ponderosa,Live,0.092300622,34.29,18.288,7.62,DMC
SR_SM_MX_003,9,Pinus ponderosa,Live,0.13127706,40.894,14.6304,6.4008,DMC
SR_SM_MX_003,15,Pinus ponderosa,Live,0.13127706,40.894,17.6784,6.4008,DMC
SR_SM_MX_003,1,Pseudotsuga menziesii,Live,0.192577841,49.53,20.1168,8.5344,DMC
SR_SM_MX_004,9,Pseudotsuga menziesii,Live,0.033228224,20.574,8.2296,0.9144,DMC
SR_SM_MX_004,2,Pseudotsuga menziesii,Dead,0.039219534,22.352,11.8872,NA,DMC
SR_SM_MX_004,7,Pseudotsuga menziesii,Live,0.074149432,30.734,14.6304,0,DMC
SR_SM_MX_004,5,Pseudotsuga menziesii,Live,0.079132906,31.75,16.4592,1.2192,DMC
SR_SM_MX_004,1,Pinus ponderosa,Live,0.084278444,32.766,12.8016,3.6576,DMC
SR_SM_MX_004,6,Pseudotsuga menziesii,Live,0.105017596,36.576,17.3736,2.1336,DMC
SR_SM_MX_004,4,Pseudotsuga menziesii,Dead,0.113951385,38.1,29.8704,NA,DMC
SR_SM_MX_004,3,Pseudotsuga menziesii,Live,0.124835008,39.878,17.3736,0,DMC
SR_SM_MX_004,8,Pseudotsuga menziesii,Live,0.142940617,42.672,16.4592,0.6096,DMC
SR_SM_MX_006,2,Pseudotsuga menziesii,Live,0.015320131,13.97,8.2296,0.9144,DMC
SR_SM_MX_006,4,Juniperus scopulorum,Live,0.019467961,15.748,4.572,0.6096,DMC
SR_SM_MX_006,3,Pseudotsuga menziesii,Live,0.024816079,17.78,7.3152,0.9144,DMC
SR_SM_MX_006,5,Pinus ponderosa,Live,0.063529163,28.448,10.9728,2.7432,DMC
SR_SM_MX_006,7,Pinus ponderosa,Live,0.084278444,32.766,13.716,2.4384,DMC
SR_SM_MX_006,1,Pinus ponderosa,Live,0.142940617,42.672,15.5448,3.3528,DMC
SR_SM_MX_006,6,Pinus ponderosa,Live,0.155100496,44.45,17.3736,3.6576,DMC
SR_SM_MX_008,1,Pinus ponderosa,Live,0.099264318,35.56,9.144,1.8288,DMC
SR_SM_MX_008,2,Juniperus scopulorum,Live,0.164089994,45.72,5.4864,0.6096,DMC
